denoising_index,timestep,sigma,inner_index,mid_ratio,up_ratio,aggregate_energy,loss_scaled,gradient_norm,gradient_norm_fp32,latent_norm,update_norm,relative_update,finite,nonzero_gradient,model_parameter_grad_present,update_executed
5,856.0,6.668572902679443,0,0.2835352122783661,0.22807519137859344,0.5545948147773743,16.63784408569336,0.03485107421875,0.03485093265771866,1714.0,1.5498046875,0.000904083251953125,True,True,False,True
5,856.0,6.668572902679443,1,0.28380700945854187,0.23018290102481842,0.5527753829956055,16.583261489868164,0.035430908203125,0.03544040396809578,1714.0,1.576171875,0.0009198188781738281,True,True,False,True
5,856.0,6.668572902679443,2,0.2840883731842041,0.232375368475914,0.5508884787559509,16.526655197143555,0.0361328125,0.0361248180270195,1714.0,1.6064453125,0.0009374618530273438,True,True,False,True
5,856.0,6.668572902679443,3,0.28438112139701843,0.23466390371322632,0.5489248037338257,16.467744827270508,0.036895751953125,0.036891523748636246,1714.0,1.640625,0.0009570121765136719,True,True,False,True
5,856.0,6.668572902679443,4,0.2846999764442444,0.23710836470127106,0.5468288660049438,16.404865264892578,0.037841796875,0.0378401055932045,1714.0,1.6826171875,0.0009813308715820312,True,True,False,True
5,856.0,6.668572902679443,5,0.2850203812122345,0.2396562099456787,0.5446592569351196,16.33977699279785,0.039031982421875,0.03902379795908928,1714.0,1.7353515625,0.0010128021240234375,True,True,False,True
5,856.0,6.668572902679443,6,0.2853698134422302,0.2423972189426422,0.5423291921615601,16.26987648010254,0.04046630859375,0.04048115015029907,1714.0,1.7998046875,0.0010499954223632812,True,True,False,True
5,856.0,6.668572902679443,7,0.2857462167739868,0.24535520374774933,0.5398236513137817,16.19470977783203,0.042236328125,0.04222382232546806,1714.0,1.8779296875,0.0010957717895507812,True,True,False,True
5,856.0,6.668572902679443,8,0.2861647605895996,0.24858184158802032,0.5370950102806091,16.112850189208984,0.0443115234375,0.0443209670484066,1714.0,1.970703125,0.0011501312255859375,True,True,False,True
5,856.0,6.668572902679443,9,0.2866356074810028,0.25221163034439087,0.5340380668640137,16.021141052246094,0.04693603515625,0.04693543538451195,1714.0,2.087890625,0.0012178421020507812,True,True,False,True
5,856.0,6.668572902679443,10,0.28717631101608276,0.2562553882598877,0.5306367874145508,15.919103622436523,0.05029296875,0.05030369758605957,1714.0,2.236328125,0.00130462646484375,True,True,False,True
5,856.0,6.668572902679443,11,0.28782662749290466,0.2609686851501465,0.5266790986061096,15.800373077392578,0.054473876953125,0.054474033415317535,1714.0,2.421875,0.0014133453369140625,True,True,False,True
5,856.0,6.668572902679443,12,0.2886088788509369,0.26649582386016846,0.5220528244972229,15.661584854125977,0.0596923828125,0.05970258638262749,1714.0,2.654296875,0.00154876708984375,True,True,False,True
5,856.0,6.668572902679443,13,0.28961181640625,0.27309438586235046,0.5165215730667114,15.495647430419922,0.0633544921875,0.06334874778985977,1714.0,2.81640625,0.0016431808471679688,True,True,False,True
5,856.0,6.668572902679443,14,0.2907843589782715,0.27995535731315613,0.5107255578041077,15.32176685333252,0.059478759765625,0.0594659298658371,1714.0,2.64453125,0.0015430450439453125,True,True,False,True
5,856.0,6.668572902679443,15,0.2917887270450592,0.28615903854370117,0.5055661201477051,15.166983604431152,0.05810546875,0.058119334280490875,1715.0,2.583984375,0.001506805419921875,True,True,False,True
5,856.0,6.668572902679443,16,0.292616605758667,0.29250451922416687,0.5004705190658569,15.014115333557129,0.0592041015625,0.05919915810227394,1715.0,2.6328125,0.0015354156494140625,True,True,False,True
5,856.0,6.668572902679443,17,0.2933470904827118,0.29914960265159607,0.49527478218078613,14.858243942260742,0.060638427734375,0.06064113974571228,1715.0,2.697265625,0.0015726089477539062,True,True,False,True
5,856.0,6.668572902679443,18,0.294031023979187,0.3064577877521515,0.4896965026855469,14.690895080566406,0.06353759765625,0.06351802498102188,1715.0,2.82421875,0.0016469955444335938,True,True,False,True
5,856.0,6.668572902679443,19,0.2947916090488434,0.314688116312027,0.4834856688976288,14.504570007324219,0.06842041015625,0.06844329088926315,1715.0,3.04296875,0.0017747879028320312,True,True,False,True
6,837.0,6.078628063201904,0,0.2871977984905243,0.2566738426685333,0.5303103923797607,15.909311294555664,0.08587646484375,0.0858912318944931,1563.0,3.173828125,0.0020313262939453125,True,True,False,True
6,837.0,6.078628063201904,1,0.288555771112442,0.2670498490333557,0.5216844081878662,15.650531768798828,0.07025146484375,0.07022552192211151,1563.0,2.595703125,0.0016603469848632812,True,True,False,True
6,837.0,6.078628063201904,2,0.28944408893585205,0.27440035343170166,0.5156922936439514,15.470768928527832,0.07342529296875,0.07345308363437653,1564.0,2.71484375,0.001735687255859375,True,True,False,True
6,837.0,6.078628063201904,3,0.2901238203048706,0.2830834686756134,0.5089467763900757,15.268403053283691,0.07806396484375,0.07804282754659653,1564.0,2.8828125,0.0018434524536132812,True,True,False,True
6,837.0,6.078628063201904,4,0.2910732626914978,0.29308539628982544,0.5011526942253113,15.034581184387207,0.08343505859375,0.08341818302869797,1564.0,3.08203125,0.0019702911376953125,True,True,False,True
6,837.0,6.078628063201904,5,0.2919238209724426,0.30484506487846375,0.492306113243103,14.769183158874512,0.08929443359375,0.08930095285177231,1564.0,3.298828125,0.002109527587890625,True,True,False,True
6,837.0,6.078628063201904,6,0.2930380403995514,0.31831541657447815,0.4822445809841156,14.467337608337402,0.09600830078125,0.09599820524454117,1564.0,3.546875,0.0022678375244140625,True,True,False,True
6,837.0,6.078628063201904,7,0.2942204475402832,0.3340598940849304,0.470800518989563,14.124015808105469,0.0987548828125,0.09878460317850113,1564.0,3.650390625,0.0023345947265625,True,True,False,True
6,837.0,6.078628063201904,8,0.2959499657154083,0.349882572889328,0.45916956663131714,13.775087356567383,0.09210205078125,0.09208884090185165,1564.0,3.40234375,0.0021762847900390625,True,True,False,True
6,837.0,6.078628063201904,9,0.2971729338169098,0.3640493154525757,0.4491996169090271,13.475988388061523,0.08758544921875,0.08760690689086914,1564.0,3.236328125,0.0020694732666015625,True,True,False,True
6,837.0,6.078628063201904,10,0.2986307740211487,0.37758660316467285,0.43965861201286316,13.18975830078125,0.09136962890625,0.09137611091136932,1564.0,3.376953125,0.00215911865234375,True,True,False,True
6,837.0,6.078628063201904,11,0.2999286651611328,0.3930371403694153,0.42925190925598145,12.877557754516602,0.090087890625,0.09006369858980179,1565.0,3.328125,0.0021266937255859375,True,True,False,True
6,837.0,6.078628063201904,12,0.30098527669906616,0.407623291015625,0.4197658896446228,12.592976570129395,0.08203125,0.08201278001070023,1565.0,3.03125,0.0019369125366210938,True,True,False,True
6,837.0,6.078628063201904,13,0.3012944459915161,0.42057886719703674,0.411959171295166,12.35877513885498,0.07891845703125,0.07891944795846939,1565.0,2.916015625,0.0018634796142578125,True,True,False,True
6,837.0,6.078628063201904,14,0.3025195598602295,0.43077757954597473,0.4052465558052063,12.15739631652832,0.0860595703125,0.08607921749353409,1565.0,3.1796875,0.0020313262939453125,True,True,False,True
6,837.0,6.078628063201904,15,0.30127739906311035,0.4416067600250244,0.4000081419944763,12.000244140625,0.1328125,0.1327875852584839,1565.0,4.90625,0.00313568115234375,True,True,False,True
6,837.0,6.078628063201904,16,0.30493685603141785,0.4357162117958069,0.40076446533203125,12.022933959960938,0.1480712890625,0.14805392920970917,1565.0,5.46875,0.0034942626953125,True,True,False,True
6,837.0,6.078628063201904,17,0.301683247089386,0.4579803943634033,0.3907157778739929,11.721473693847656,0.1729736328125,0.1729484498500824,1565.0,6.390625,0.00408172607421875,True,True,False,True
6,837.0,6.078628063201904,18,0.3061314523220062,0.4471646249294281,0.3935402035713196,11.806205749511719,0.150390625,0.15042796730995178,1565.0,5.55859375,0.003551483154296875,True,True,False,True
6,837.0,6.078628063201904,19,0.3037746548652649,0.48073965311050415,0.3771805167198181,11.315415382385254,0.08843994140625,0.08842703700065613,1565.0,3.267578125,0.0020885467529296875,True,True,False,True
7,818.0,5.554561614990234,0,0.2983056604862213,0.3974633812904358,0.42771267890930176,12.831380844116211,0.1939697265625,0.19394508004188538,1431.0,5.984375,0.004180908203125,True,True,False,True
7,818.0,5.554561614990234,1,0.29969969391822815,0.4500998854637146,0.39640533924102783,11.892160415649414,0.132568359375,0.13257886469364166,1431.0,4.08984375,0.002857208251953125,True,True,False,True
7,818.0,5.554561614990234,2,0.29846903681755066,0.46638935804367065,0.3884429931640625,11.653289794921875,0.173828125,0.1738537698984146,1431.0,5.36328125,0.0037479400634765625,True,True,False,True
7,818.0,5.554561614990234,3,0.3024168908596039,0.4645572304725647,0.3866605758666992,11.599817276000977,0.153564453125,0.15361487865447998,1432.0,4.73828125,0.0033092498779296875,True,True,False,True
7,818.0,5.554561614990234,4,0.30036798119544983,0.4928474724292755,0.373344361782074,11.20033073425293,0.10467529296875,0.10469082742929459,1432.0,3.23046875,0.0022563934326171875,True,True,False,True
7,818.0,5.554561614990234,5,0.3026541769504547,0.4992387890815735,0.36852651834487915,11.055795669555664,0.10845947265625,0.10848767310380936,1432.0,3.34765625,0.002338409423828125,True,True,False,True
7,818.0,5.554561614990234,6,0.30095210671424866,0.5096084475517273,0.36457592248916626,10.937277793884277,0.150390625,0.15036149322986603,1432.0,4.640625,0.0032405853271484375,True,True,False,True
7,818.0,5.554561614990234,7,0.30467599630355835,0.5023179054260254,0.3655814826488495,10.96744441986084,0.150146484375,0.15019629895687103,1432.0,4.6328125,0.00323486328125,True,True,False,True
7,818.0,5.554561614990234,8,0.30224812030792236,0.5251129865646362,0.3561876714229584,10.685629844665527,0.1295166015625,0.12949539721012115,1432.0,3.99609375,0.0027904510498046875,True,True,False,True
7,818.0,5.554561614990234,9,0.3053276538848877,0.5238723754882812,0.3546335995197296,10.639007568359375,0.132080078125,0.13209480047225952,1432.0,4.07421875,0.00284576416015625,True,True,False,True
7,818.0,5.554561614990234,10,0.3032708764076233,0.5387555360794067,0.34908896684646606,10.472668647766113,0.1334228515625,0.1333795040845871,1432.0,4.11328125,0.002872467041015625,True,True,False,True
7,818.0,5.554561614990234,11,0.3062589168548584,0.5371624231338501,0.34774765372276306,10.432429313659668,0.1298828125,0.1298452615737915,1432.0,4.0078125,0.0027980804443359375,True,True,False,True
7,818.0,5.554561614990234,12,0.30455437302589417,0.5520902276039124,0.34213390946388245,10.264017105102539,0.1158447265625,0.11586204171180725,1432.0,3.57421875,0.0024967193603515625,True,True,False,True
7,818.0,5.554561614990234,13,0.3067195415496826,0.5532175898551941,0.3401261568069458,10.203784942626953,0.1341552734375,0.13409733772277832,1432.0,4.13671875,0.0028896331787109375,True,True,False,True
7,818.0,5.554561614990234,14,0.3056178390979767,0.5570889115333557,0.3391684293746948,10.175052642822266,0.1358642578125,0.1358201503753662,1432.0,4.19140625,0.0029277801513671875,True,True,False,True
7,818.0,5.554561614990234,15,0.3073635399341583,0.5639277696609497,0.33495214581489563,10.048563957214355,0.1470947265625,0.14704985916614532,1432.0,4.53515625,0.00316619873046875,True,True,False,True
7,818.0,5.554561614990234,16,0.30693891644477844,0.5638508796691895,0.3352798819541931,10.058396339416504,0.1279296875,0.1279667317867279,1432.0,3.947265625,0.0027561187744140625,True,True,False,True
7,818.0,5.554561614990234,17,0.30851802229881287,0.577957272529602,0.3281336724758148,9.844010353088379,0.08184814453125,0.08187730610370636,1432.0,2.525390625,0.0017633438110351562,True,True,False,True
7,818.0,5.554561614990234,18,0.3084162771701813,0.5855594873428345,0.3250245153903961,9.75073528289795,0.06939697265625,0.06938984245061874,1432.0,2.140625,0.0014944076538085938,True,True,False,True
7,818.0,5.554561614990234,19,0.30928367376327515,0.5890224575996399,0.32299578189849854,9.689873695373535,0.0777587890625,0.07773126661777496,1433.0,2.3984375,0.0016736984252929688,True,True,False,True
8,799.0,5.087765216827393,0,0.30014488101005554,0.41170114278793335,0.41794633865356445,12.538390159606934,0.486083984375,0.48598116636276245,1314.0,12.578125,0.00957489013671875,True,True,False,True
8,799.0,5.087765216827393,1,0.3119800388813019,0.5122846364974976,0.3556188941001892,10.668566703796387,0.1671142578125,0.1670701503753662,1314.0,4.32421875,0.0032901763916015625,True,True,False,True
8,799.0,5.087765216827393,2,0.3114035129547119,0.5602932572364807,0.3337535560131073,10.012606620788574,0.1431884765625,0.14313045144081116,1314.0,3.705078125,0.002819061279296875,True,True,False,True
8,799.0,5.087765216827393,3,0.30810147523880005,0.5745828151702881,0.3298516869544983,9.895550727844238,0.32763671875,0.3275855481624603,1314.0,8.4765625,0.006450653076171875,True,True,False,True
8,799.0,5.087765216827393,4,0.3114486336708069,0.5501139760017395,0.33825021982192993,10.147506713867188,0.1202392578125,0.1202266737818718,1314.0,3.111328125,0.0023670196533203125,True,True,False,True
8,799.0,5.087765216827393,5,0.31183284521102905,0.567333996295929,0.3303869664669037,9.911608695983887,0.08441162109375,0.08440347760915756,1314.0,2.185546875,0.0016632080078125,True,True,False,True
8,799.0,5.087765216827393,6,0.3114323616027832,0.5818009972572327,0.3245078921318054,9.735237121582031,0.08306884765625,0.08308516442775726,1314.0,2.150390625,0.001636505126953125,True,True,False,True
8,799.0,5.087765216827393,7,0.3109842836856842,0.5968282222747803,0.31864508986473083,9.55935287475586,0.0777587890625,0.0777694433927536,1314.0,2.013671875,0.0015325546264648438,True,True,False,True
8,799.0,5.087765216827393,8,0.3107958436012268,0.6081520915031433,0.3142735958099365,9.428207397460938,0.057098388671875,0.05708617344498634,1314.0,1.4775390625,0.0011243820190429688,True,True,False,True
8,799.0,5.087765216827393,9,0.31147339940071106,0.6135298013687134,0.3117140531539917,9.351421356201172,0.048065185546875,0.04807431623339653,1314.0,1.244140625,0.0009469985961914062,True,True,False,True
8,799.0,5.087765216827393,10,0.311904639005661,0.6178221702575684,0.30976754426956177,9.293025970458984,0.045318603515625,0.04532716050744057,1314.0,1.1728515625,0.00089263916015625,True,True,False,True
8,799.0,5.087765216827393,11,0.3122824430465698,0.621749222278595,0.30801454186439514,9.240436553955078,0.043914794921875,0.04390677064657211,1314.0,1.13671875,0.0008649826049804688,True,True,False,True
8,799.0,5.087765216827393,12,0.3125770390033722,0.6257546544075012,0.3063049614429474,9.189148902893066,0.042938232421875,0.04295159503817558,1315.0,1.1123046875,0.0008459091186523438,True,True,False,True
8,799.0,5.087765216827393,13,0.3129144608974457,0.6294451951980591,0.3046986758708954,9.140960693359375,0.042266845703125,0.04227869585156441,1315.0,1.0947265625,0.0008325576782226562,True,True,False,True
8,799.0,5.087765216827393,14,0.3132084310054779,0.6331161856651306,0.303143173456192,9.094295501708984,0.041839599609375,0.041842639446258545,1315.0,1.0830078125,0.0008234977722167969,True,True,False,True
8,799.0,5.087765216827393,15,0.3135830760002136,0.6365573406219482,0.30162936449050903,9.048880577087402,0.041595458984375,0.04158865287899971,1315.0,1.076171875,0.0008182525634765625,True,True,False,True
8,799.0,5.087765216827393,16,0.31388911604881287,0.6401661038398743,0.3001142740249634,9.00342845916748,0.0413818359375,0.04138677939772606,1315.0,1.0712890625,0.0008144378662109375,True,True,False,True
8,799.0,5.087765216827393,17,0.3142825961112976,0.6435019373893738,0.2986496090888977,8.959487915039062,0.04119873046875,0.04119107499718666,1315.0,1.06640625,0.0008111000061035156,True,True,False,True
8,799.0,5.087765216827393,18,0.314568430185318,0.6471538543701172,0.29715844988822937,8.914753913879395,0.04107666015625,0.041075050830841064,1315.0,1.0634765625,0.0008087158203125,True,True,False,True
8,799.0,5.087765216827393,19,0.315012663602829,0.650439441204071,0.2957001030445099,8.871003150939941,0.041168212890625,0.04115760698914528,1315.0,1.0654296875,0.0008101463317871094,True,True,False,True
9,780.0,4.670868873596191,0,0.305637001991272,0.5547785758972168,0.34018105268478394,10.205431938171387,0.378662109375,0.37865936756134033,1209.0,8.2578125,0.006832122802734375,True,True,False,True
9,780.0,4.670868873596191,1,0.3109358847141266,0.6085184216499329,0.3140336275100708,9.421009063720703,0.22607421875,0.22612686455249786,1210.0,4.93359375,0.004077911376953125,True,True,False,True
9,780.0,4.670868873596191,2,0.30993062257766724,0.6429418921470642,0.3018431067466736,9.055293083190918,0.1903076171875,0.19032907485961914,1210.0,4.15234375,0.0034313201904296875,True,True,False,True
9,780.0,4.670868873596191,3,0.31431785225868225,0.6345948576927185,0.30184048414230347,9.055214881896973,0.134521484375,0.13453908264636993,1209.0,2.935546875,0.0024280548095703125,True,True,False,True
9,780.0,4.670868873596191,4,0.3123916983604431,0.6599118709564209,0.2942325472831726,8.826976776123047,0.06341552734375,0.06344339996576309,1210.0,1.3837890625,0.0011434555053710938,True,True,False,True
9,780.0,4.670868873596191,5,0.31379345059394836,0.6648062467575073,0.29161715507507324,8.748514175415039,0.052581787109375,0.05257583037018776,1210.0,1.1474609375,0.0009484291076660156,True,True,False,True
9,780.0,4.670868873596191,6,0.31441277265548706,0.6691359281539917,0.28975045680999756,8.692513465881348,0.04766845703125,0.04766992852091789,1210.0,1.0400390625,0.0008597373962402344,True,True,False,True
9,780.0,4.670868873596191,7,0.3154068887233734,0.6717943549156189,0.28819331526756287,8.64579963684082,0.045623779296875,0.04562482237815857,1210.0,0.99560546875,0.0008230209350585938,True,True,False,True
9,780.0,4.670868873596191,8,0.31583696603775024,0.6751382946968079,0.2868070900440216,8.604212760925293,0.046173095703125,0.04616513103246689,1210.0,1.0068359375,0.0008320808410644531,True,True,False,True
9,780.0,4.670868873596191,9,0.3169158697128296,0.6768379807472229,0.2855188250541687,8.56556510925293,0.048858642578125,0.04886733740568161,1210.0,1.06640625,0.000881195068359375,True,True,False,True
9,780.0,4.670868873596191,10,0.31692764163017273,0.6804586052894592,0.284347265958786,8.530418395996094,0.060028076171875,0.060016438364982605,1210.0,1.3095703125,0.0010824203491210938,True,True,False,True
9,780.0,4.670868873596191,11,0.31856319308280945,0.6793458461761475,0.28358757495880127,8.507627487182617,0.07080078125,0.07078955322504044,1210.0,1.5439453125,0.0012760162353515625,True,True,False,True
9,780.0,4.670868873596191,12,0.3177041709423065,0.6842721700668335,0.2826058268547058,8.478175163269043,0.1007080078125,0.10073672235012054,1210.0,2.197265625,0.0018157958984375,True,True,False,True
9,780.0,4.670868873596191,13,0.32007965445518494,0.6778672933578491,0.28303056955337524,8.490917205810547,0.10369873046875,0.10370752960443497,1210.0,2.26171875,0.00186920166015625,True,True,False,True
9,780.0,4.670868873596191,14,0.3185149133205414,0.6888182163238525,0.2806279957294464,8.418839454650879,0.0775146484375,0.07751056551933289,1210.0,1.69140625,0.0013980865478515625,True,True,False,True
9,780.0,4.670868873596191,15,0.3208683431148529,0.6887565851211548,0.27904611825942993,8.371383666992188,0.064208984375,0.06421022117137909,1210.0,1.400390625,0.0011577606201171875,True,True,False,True
9,780.0,4.670868873596191,16,0.32031697034835815,0.6939841508865356,0.277807354927063,8.334220886230469,0.06622314453125,0.0662069022655487,1210.0,1.4443359375,0.001194000244140625,True,True,False,True
9,780.0,4.670868873596191,17,0.3219895362854004,0.692786693572998,0.277039110660553,8.311173439025879,0.062347412109375,0.06234477087855339,1210.0,1.3603515625,0.0011243820190429688,True,True,False,True
9,780.0,4.670868873596191,18,0.3216174840927124,0.6982985734939575,0.27561330795288086,8.268399238586426,0.053070068359375,0.05307041108608246,1210.0,1.158203125,0.0009570121765136719,True,True,False,True
9,780.0,4.670868873596191,19,0.3230016529560089,0.698401689529419,0.2746441662311554,8.239324569702148,0.050048828125,0.05003897100687027,1210.0,1.091796875,0.0009021759033203125,True,True,False,True
