step_index,timestep,sigma,guided_norm_l2,baseline_norm_l2,diff_norm_l2,relative_deviation,exact_match
0,1000.0,1.0,377.2174987792969,377.3221435546875,14.647262573242188,0.03881898522377014,False
1,991.3240966796875,0.9913240671157837,373.3880920410156,374.0384826660156,20.49907684326172,0.054804727435112,False
2,982.4452514648438,0.982445240020752,370.1365051269531,370.66796875,24.814903259277344,0.06694644689559937,False
3,973.3563842773438,0.9733563661575317,366.90771484375,367.32598876953125,29.34308624267578,0.07988295704126358,False
4,964.0499877929688,0.9640499949455261,363.7043151855469,363.97760009765625,34.39853286743164,0.09450727701187134,False
5,954.5180053710938,0.9545180201530457,360.54595947265625,360.6302490234375,39.71843719482422,0.11013618111610413,False
6,944.7523803710938,0.9447523951530457,357.4156188964844,357.2593078613281,45.13017654418945,0.12632331252098083,False
7,934.7440795898438,0.9347440600395203,354.3458557128906,353.8877258300781,50.77790451049805,0.1434859186410904,False
8,924.4842529296875,0.9244842529296875,351.3357238769531,350.51531982421875,56.607906341552734,0.16149909794330597,False
9,913.9630737304688,0.9139630794525146,348.3386535644531,347.1008605957031,62.44432067871094,0.17990252375602722,False
10,903.170654296875,0.903170645236969,345.436767578125,343.72381591796875,68.45977020263672,0.19917087256908417,False
11,892.0961303710938,0.8920961022377014,342.5927429199219,340.3492126464844,74.62098693847656,0.21924829483032227,False
12,880.7283935546875,0.8807284235954285,339.82672119140625,337.0003356933594,80.900634765625,0.2400609850883484,False
13,869.0557250976562,0.8690557479858398,337.1502380371094,333.67999267578125,87.27664947509766,0.261557936668396,False
14,857.0655517578125,0.8570655584335327,334.572265625,330.3935241699219,93.79967498779297,0.2839028835296631,False
15,844.7448120117188,0.8447448015213013,332.1439208984375,327.14459228515625,101.3659439086914,0.3098505735397339,False
16,832.0796508789062,0.8320796489715576,329.8936767578125,323.9832763671875,109.13524627685547,0.33685457706451416,False
17,819.055419921875,0.819055438041687,327.82818603515625,320.900634765625,117.2085189819336,0.3652486503124237,False
18,805.6566162109375,0.8056566119194031,325.93408203125,317.903076171875,125.42943572998047,0.39455243945121765,False
19,791.8668212890625,0.7918668389320374,324.3153381347656,315.04718017578125,134.0067596435547,0.42535457015037537,False
20,777.668701171875,0.7776687145233154,322.9607238769531,312.33502197265625,142.83787536621094,0.4573226273059845,False
21,763.0437622070312,0.7630437612533569,321.932861328125,309.8227233886719,151.99594116210938,0.49059003591537476,False
22,747.97265625,0.7479726672172546,321.1949768066406,307.47344970703125,161.39993286132812,0.5249231457710266,False
23,732.4344482421875,0.7324344515800476,320.7808532714844,305.3122253417969,171.00802612304688,0.5601086616516113,False
24,716.4071655273438,0.7164071798324585,320.7877197265625,303.4143981933594,180.93446350097656,0.5963279008865356,False
25,699.867431640625,0.6998674273490906,321.2795104980469,301.82696533203125,191.32107543945312,0.6338766813278198,False
26,682.7901000976562,0.6827901005744934,322.23345947265625,300.54150390625,202.06884765625,0.672349214553833,False
27,665.148681640625,0.6651486754417419,323.7033996582031,299.62176513671875,213.11563110351562,0.7112821936607361,False
28,646.9146728515625,0.6469146609306335,325.7971496582031,299.1460266113281,224.61395263671875,0.7508505582809448,False
29,628.0577392578125,0.6280577182769775,328.4954528808594,299.0943908691406,236.5308837890625,0.7908235192298889,False
30,608.5452880859375,0.6085453033447266,331.90447998046875,299.5766296386719,248.90724182128906,0.830863356590271,False
31,588.3427124023438,0.5883427262306213,336.05267333984375,300.6205749511719,261.77777099609375,0.8707912564277649,False
32,567.4126586914062,0.5674126744270325,340.9948425292969,302.2748718261719,275.1856384277344,0.910382091999054,False
33,545.715087890625,0.5457150936126709,346.67413330078125,304.5394287109375,288.96197509765625,0.9488491415977478,False
34,523.20703125,0.5232070088386536,353.3228759765625,307.59893798828125,303.39727783203125,0.9863404631614685,False
35,499.8421936035156,0.49984219670295715,360.9140625,311.4415588378906,318.4363708496094,1.0224595069885254,False
36,475.5707092285156,0.4755707085132599,369.5057067871094,316.1476745605469,334.1043395996094,1.0567983388900757,False
37,450.33880615234375,0.45033881068229675,379.09320068359375,321.72259521484375,350.37591552734375,1.089062213897705,False
38,424.0882263183594,0.4240882396697998,389.8060302734375,328.27557373046875,367.37738037109375,1.1191127300262451,False
39,396.7561340332031,0.3967561423778534,401.6311340332031,335.8684997558594,385.0817565917969,1.1465253829956055,False
40,368.274169921875,0.36827418208122253,414.6086120605469,344.5139465332031,403.5431213378906,1.1713404655456543,False
41,338.5683288574219,0.3385683298110962,428.8207702636719,354.2922668457031,422.84637451171875,1.1934958696365356,False
42,307.5578918457031,0.3075578808784485,444.4701232910156,365.39068603515625,443.20220947265625,1.2129542827606201,False
43,275.1549987792969,0.2751550078392029,461.4562072753906,377.7352600097656,464.51776123046875,1.2297441959381104,False
44,241.2637176513672,0.2412637174129486,479.8376159667969,391.4033203125,486.8271484375,1.2437992095947266,False
45,205.77915954589844,0.20577916502952576,499.7597351074219,406.4762878417969,510.3538513183594,1.2555562257766724,False
46,168.58621215820312,0.16858620941638947,521.3037719726562,423.0362854003906,535.1923828125,1.2651216983795166,False
47,129.55841064453125,0.12955841422080994,544.6339111328125,441.27557373046875,561.544921875,1.2725492715835571,False
48,88.55663299560547,0.08855663239955902,569.9485473632812,461.2166442871094,589.7366333007812,1.2786542177200317,False
49,45.42716979980469,0.045427169650793076,597.4285278320312,483.0009460449219,619.9656982421875,1.283570408821106,False
