setting,comparison,field,pair_count,exact_count,max_abs_error_max,mean_abs_error_max,different_element_ratio_min,different_element_ratio_max
original,A/A,map_mid,3,3,0.0,0.0,0.0,0.0
original,A/A,map_up,3,3,0.0,0.0,0.0,0.0
original,A/A,energy,3,3,0.0,0.0,0.0,0.0
original,A/A,loss,3,3,0.0,0.0,0.0,0.0
original,A/A,gradient,3,0,3.814697265625e-06,3.307286533527076e-07,0.888580322265625,0.90216064453125
original,A/A,update,3,0,0.00018310546875,1.4715960787725635e-05,0.8763885498046875,0.8904266357421875
original,A/A,result,3,0,0.0078125,1.363114279229194e-05,0.0155487060546875,0.0164337158203125
original,B/B,map_mid,3,3,0.0,0.0,0.0,0.0
original,B/B,map_up,3,3,0.0,0.0,0.0,0.0
original,B/B,energy,3,3,0.0,0.0,0.0,0.0
original,B/B,loss,3,3,0.0,0.0,0.0,0.0
original,B/B,gradient,3,0,2.86102294921875e-06,3.2581283448962495e-07,0.8943939208984375,0.9035797119140625
original,B/B,update,3,0,0.000152587890625,1.4489222849078942e-05,0.8809967041015625,0.8917236328125
original,B/B,result,3,0,0.015625,1.4307661331258714e-05,0.015869140625,0.0165863037109375
original,C/C,map_mid,3,3,0.0,0.0,0.0,0.0
original,C/C,map_up,3,3,0.0,0.0,0.0,0.0
original,C/C,energy,3,3,0.0,0.0,0.0,0.0
original,C/C,loss,3,3,0.0,0.0,0.0,0.0
original,C/C,gradient,3,0,3.814697265625e-06,3.330578692839481e-07,0.8992919921875,0.906280517578125
original,C/C,update,3,0,0.00018310546875,1.4806249055254739e-05,0.8866119384765625,0.89404296875
original,C/C,result,3,0,0.015625,1.5535857528448105e-05,0.016265869140625,0.0173492431640625
original,D/D,map_mid,3,3,0.0,0.0,0.0,0.0
original,D/D,map_up,3,3,0.0,0.0,0.0,0.0
original,D/D,energy,3,3,0.0,0.0,0.0,0.0
original,D/D,loss,3,3,0.0,0.0,0.0,0.0
original,D/D,gradient,3,0,3.814697265625e-06,3.2542629924137145e-07,0.899017333984375,0.9036712646484375
original,D/D,update,3,0,0.00018310546875,1.4470289897872135e-05,0.8869781494140625,0.891998291015625
original,D/D,result,3,0,0.0078125,1.4571829524356872e-05,0.015869140625,0.016632080078125
original,A/B,map_mid,3,3,0.0,0.0,0.0,0.0
original,A/B,map_up,3,3,0.0,0.0,0.0,0.0
original,A/B,energy,3,3,0.0,0.0,0.0,0.0
original,A/B,loss,3,3,0.0,0.0,0.0,0.0
original,A/B,gradient,3,0,4.410743713378906e-06,3.346503945067525e-07,0.899993896484375,0.904937744140625
original,A/B,update,3,0,0.0001983642578125,1.4886962162563577e-05,0.8876190185546875,0.89337158203125
original,A/B,result,3,0,0.015625,1.4490338799078017e-05,0.0164337158203125,0.017242431640625
original,A/C,map_mid,3,3,0.0,0.0,0.0,0.0
original,A/C,map_up,3,3,0.0,0.0,0.0,0.0
original,A/C,energy,3,3,0.0,0.0,0.0,0.0
original,A/C,loss,3,3,0.0,0.0,0.0,0.0
original,A/C,gradient,3,0,3.814697265625e-06,3.314216883154586e-07,0.8926544189453125,0.9044189453125
original,A/C,update,3,0,0.000152587890625,1.4739816833753139e-05,0.8795928955078125,0.8924560546875
original,A/C,result,3,0,0.015625,1.4281271432992071e-05,0.0152130126953125,0.0170440673828125
original,A/D,map_mid,3,3,0.0,0.0,0.0,0.0
original,A/D,map_up,3,3,0.0,0.0,0.0,0.0
original,A/D,energy,3,3,0.0,0.0,0.0,0.0
original,A/D,loss,3,3,0.0,0.0,0.0,0.0
original,A/D,gradient,3,0,3.337860107421875e-06,3.3637934393482283e-07,0.8917083740234375,0.904632568359375
original,A/D,update,3,0,0.000152587890625,1.4954292964830529e-05,0.878662109375,0.8924102783203125
original,A/D,result,3,0,0.0078125,1.3899501936975867e-05,0.0150146484375,0.0164947509765625
deterministic,A/A,map_mid,3,3,0.0,0.0,0.0,0.0
deterministic,A/A,map_up,3,3,0.0,0.0,0.0,0.0
deterministic,A/A,energy,3,3,0.0,0.0,0.0,0.0
deterministic,A/A,loss,3,3,0.0,0.0,0.0,0.0
deterministic,A/A,gradient,3,3,0.0,0.0,0.0,0.0
deterministic,A/A,update,3,3,0.0,0.0,0.0,0.0
deterministic,A/A,result,3,3,0.0,0.0,0.0,0.0
deterministic,B/B,map_mid,3,3,0.0,0.0,0.0,0.0
deterministic,B/B,map_up,3,3,0.0,0.0,0.0,0.0
deterministic,B/B,energy,3,3,0.0,0.0,0.0,0.0
deterministic,B/B,loss,3,3,0.0,0.0,0.0,0.0
deterministic,B/B,gradient,3,3,0.0,0.0,0.0,0.0
deterministic,B/B,update,3,3,0.0,0.0,0.0,0.0
deterministic,B/B,result,3,3,0.0,0.0,0.0,0.0
deterministic,C/C,map_mid,3,3,0.0,0.0,0.0,0.0
deterministic,C/C,map_up,3,3,0.0,0.0,0.0,0.0
deterministic,C/C,energy,3,3,0.0,0.0,0.0,0.0
deterministic,C/C,loss,3,3,0.0,0.0,0.0,0.0
deterministic,C/C,gradient,3,3,0.0,0.0,0.0,0.0
deterministic,C/C,update,3,3,0.0,0.0,0.0,0.0
deterministic,C/C,result,3,3,0.0,0.0,0.0,0.0
deterministic,D/D,map_mid,3,3,0.0,0.0,0.0,0.0
deterministic,D/D,map_up,3,3,0.0,0.0,0.0,0.0
deterministic,D/D,energy,3,3,0.0,0.0,0.0,0.0
deterministic,D/D,loss,3,3,0.0,0.0,0.0,0.0
deterministic,D/D,gradient,3,3,0.0,0.0,0.0,0.0
deterministic,D/D,update,3,3,0.0,0.0,0.0,0.0
deterministic,D/D,result,3,3,0.0,0.0,0.0,0.0
deterministic,A/B,map_mid,3,3,0.0,0.0,0.0,0.0
deterministic,A/B,map_up,3,3,0.0,0.0,0.0,0.0
deterministic,A/B,energy,3,3,0.0,0.0,0.0,0.0
deterministic,A/B,loss,3,3,0.0,0.0,0.0,0.0
deterministic,A/B,gradient,3,3,0.0,0.0,0.0,0.0
deterministic,A/B,update,3,3,0.0,0.0,0.0,0.0
deterministic,A/B,result,3,3,0.0,0.0,0.0,0.0
deterministic,A/C,map_mid,3,3,0.0,0.0,0.0,0.0
deterministic,A/C,map_up,3,3,0.0,0.0,0.0,0.0
deterministic,A/C,energy,3,3,0.0,0.0,0.0,0.0
deterministic,A/C,loss,3,3,0.0,0.0,0.0,0.0
deterministic,A/C,gradient,3,3,0.0,0.0,0.0,0.0
deterministic,A/C,update,3,3,0.0,0.0,0.0,0.0
deterministic,A/C,result,3,3,0.0,0.0,0.0,0.0
deterministic,A/D,map_mid,3,3,0.0,0.0,0.0,0.0
deterministic,A/D,map_up,3,3,0.0,0.0,0.0,0.0
deterministic,A/D,energy,3,3,0.0,0.0,0.0,0.0
deterministic,A/D,loss,3,3,0.0,0.0,0.0,0.0
deterministic,A/D,gradient,3,3,0.0,0.0,0.0,0.0
deterministic,A/D,update,3,3,0.0,0.0,0.0,0.0
deterministic,A/D,result,3,3,0.0,0.0,0.0,0.0
