setting,kind,left,right,field,torch_equal,max_abs_error,mean_abs_error,different_element_ratio,dtype_equal,finite
original,repeat,A1,A2,map_mid,True,0.0,0.0,0.0,True,True
original,repeat,A1,A2,map_up,True,0.0,0.0,0.0,True,True
original,repeat,A1,A2,energy,True,0.0,0.0,0.0,True,True
original,repeat,A1,A2,loss,True,0.0,0.0,0.0,True,True
original,repeat,A1,A2,gradient,False,2.86102294921875e-06,2.9054353944957256e-07,0.888580322265625,True,True
original,repeat,A1,A2,update,False,0.000152587890625,1.2933988728036638e-05,0.8763885498046875,True,True
original,repeat,A1,A2,result,False,0.0078125,1.248081389348954e-05,0.0155487060546875,True,True
original,repeat,A1,A3,map_mid,True,0.0,0.0,0.0,True,True
original,repeat,A1,A3,map_up,True,0.0,0.0,0.0,True,True
original,repeat,A1,A3,energy,True,0.0,0.0,0.0,True,True
original,repeat,A1,A3,loss,True,0.0,0.0,0.0,True,True
original,repeat,A1,A3,gradient,False,2.86102294921875e-06,3.307286533527076e-07,0.90216064453125,True,True
original,repeat,A1,A3,update,False,0.000152587890625,1.4715960787725635e-05,0.8904266357421875,True,True
original,repeat,A1,A3,result,False,0.0078125,1.363114279229194e-05,0.0162506103515625,True,True
original,repeat,A2,A3,map_mid,True,0.0,0.0,0.0,True,True
original,repeat,A2,A3,map_up,True,0.0,0.0,0.0,True,True
original,repeat,A2,A3,energy,True,0.0,0.0,0.0,True,True
original,repeat,A2,A3,loss,True,0.0,0.0,0.0,True,True
original,repeat,A2,A3,gradient,False,3.814697265625e-06,3.233290044590831e-07,0.900360107421875,True,True
original,repeat,A2,A3,update,False,0.00018310546875,1.4378746527654584e-05,0.8879852294921875,True,True
original,repeat,A2,A3,result,False,0.0078125,1.2917909771203995e-05,0.0164337158203125,True,True
original,repeat,B1,B2,map_mid,True,0.0,0.0,0.0,True,True
original,repeat,B1,B2,map_up,True,0.0,0.0,0.0,True,True
original,repeat,B1,B2,energy,True,0.0,0.0,0.0,True,True
original,repeat,B1,B2,loss,True,0.0,0.0,0.0,True,True
original,repeat,B1,B2,gradient,False,2.384185791015625e-06,3.2581283448962495e-07,0.9035797119140625,True,True
original,repeat,B1,B2,update,False,0.0001220703125,1.4489222849078942e-05,0.8917236328125,True,True
original,repeat,B1,B2,result,False,0.015625,1.420389162376523e-05,0.0165863037109375,True,True
original,repeat,B1,B3,map_mid,True,0.0,0.0,0.0,True,True
original,repeat,B1,B3,map_up,True,0.0,0.0,0.0,True,True
original,repeat,B1,B3,energy,True,0.0,0.0,0.0,True,True
original,repeat,B1,B3,loss,True,0.0,0.0,0.0,True,True
original,repeat,B1,B3,gradient,False,2.86102294921875e-06,3.0208047974156216e-07,0.8943939208984375,True,True
original,repeat,B1,B3,update,False,0.000152587890625,1.3436508197628427e-05,0.8809967041015625,True,True
original,repeat,B1,B3,result,False,0.0078125,1.3274242519401014e-05,0.015869140625,True,True
original,repeat,B2,B3,map_mid,True,0.0,0.0,0.0,True,True
original,repeat,B2,B3,map_up,True,0.0,0.0,0.0,True,True
original,repeat,B2,B3,energy,True,0.0,0.0,0.0,True,True
original,repeat,B2,B3,loss,True,0.0,0.0,0.0,True,True
original,repeat,B2,B3,gradient,False,2.86102294921875e-06,3.2078060030471534e-07,0.89532470703125,True,True
original,repeat,B2,B3,update,False,0.000152587890625,1.4262555851018988e-05,0.8831024169921875,True,True
original,repeat,B2,B3,result,False,0.015625,1.4307661331258714e-05,0.0163421630859375,True,True
original,repeat,C1,C2,map_mid,True,0.0,0.0,0.0,True,True
original,repeat,C1,C2,map_up,True,0.0,0.0,0.0,True,True
original,repeat,C1,C2,energy,True,0.0,0.0,0.0,True,True
original,repeat,C1,C2,loss,True,0.0,0.0,0.0,True,True
original,repeat,C1,C2,gradient,False,3.814697265625e-06,3.330578692839481e-07,0.906280517578125,True,True
original,repeat,C1,C2,update,False,0.00018310546875,1.4806249055254739e-05,0.89404296875,True,True
original,repeat,C1,C2,result,False,0.015625,1.5535857528448105e-05,0.0173492431640625,True,True
original,repeat,C1,C3,map_mid,True,0.0,0.0,0.0,True,True
original,repeat,C1,C3,map_up,True,0.0,0.0,0.0,True,True
original,repeat,C1,C3,energy,True,0.0,0.0,0.0,True,True
original,repeat,C1,C3,loss,True,0.0,0.0,0.0,True,True
original,repeat,C1,C3,gradient,False,2.86102294921875e-06,3.1811669032322243e-07,0.8992919921875,True,True
original,repeat,C1,C3,update,False,0.0001220703125,1.4146553439786658e-05,0.8866119384765625,True,True
original,repeat,C1,C3,result,False,0.0078125,1.4100100088398904e-05,0.016265869140625,True,True
original,repeat,C2,C3,map_mid,True,0.0,0.0,0.0,True,True
original,repeat,C2,C3,map_up,True,0.0,0.0,0.0,True,True
original,repeat,C2,C3,energy,True,0.0,0.0,0.0,True,True
original,repeat,C2,C3,loss,True,0.0,0.0,0.0,True,True
original,repeat,C2,C3,gradient,False,2.86102294921875e-06,3.287568688392639e-07,0.9052581787109375,True,True
original,repeat,C2,C3,update,False,0.000152587890625,1.4620286492572632e-05,0.893890380859375,True,True
original,repeat,C2,C3,result,False,0.015625,1.4007957361172885e-05,0.0165252685546875,True,True
original,repeat,D1,D2,map_mid,True,0.0,0.0,0.0,True,True
original,repeat,D1,D2,map_up,True,0.0,0.0,0.0,True,True
original,repeat,D1,D2,energy,True,0.0,0.0,0.0,True,True
original,repeat,D1,D2,loss,True,0.0,0.0,0.0,True,True
original,repeat,D1,D2,gradient,False,3.814697265625e-06,3.2542629924137145e-07,0.9033050537109375,True,True
original,repeat,D1,D2,update,False,0.00018310546875,1.4470289897872135e-05,0.891448974609375,True,True
original,repeat,D1,D2,result,False,0.0078125,1.4571829524356872e-05,0.016632080078125,True,True
original,repeat,D1,D3,map_mid,True,0.0,0.0,0.0,True,True
original,repeat,D1,D3,map_up,True,0.0,0.0,0.0,True,True
original,repeat,D1,D3,energy,True,0.0,0.0,0.0,True,True
original,repeat,D1,D3,loss,True,0.0,0.0,0.0,True,True
original,repeat,D1,D3,gradient,False,2.86102294921875e-06,3.247969289077446e-07,0.9036712646484375,True,True
original,repeat,D1,D3,update,False,0.000152587890625,1.4450342860072851e-05,0.891998291015625,True,True
original,repeat,D1,D3,result,False,0.0078125,1.4171120710670948e-05,0.016387939453125,True,True
original,repeat,D2,D3,map_mid,True,0.0,0.0,0.0,True,True
original,repeat,D2,D3,map_up,True,0.0,0.0,0.0,True,True
original,repeat,D2,D3,energy,True,0.0,0.0,0.0,True,True
original,repeat,D2,D3,loss,True,0.0,0.0,0.0,True,True
original,repeat,D2,D3,gradient,False,3.814697265625e-06,3.2022217055782676e-07,0.899017333984375,True,True
original,repeat,D2,D3,update,False,0.00018310546875,1.4232702596927993e-05,0.8869781494140625,True,True
original,repeat,D2,D3,result,False,0.0078125,1.3842429325450212e-05,0.015869140625,True,True
original,cross_condition,A1,B1,map_mid,True,0.0,0.0,0.0,True,True
original,cross_condition,A1,B1,map_up,True,0.0,0.0,0.0,True,True
original,cross_condition,A1,B1,energy,True,0.0,0.0,0.0,True,True
original,cross_condition,A1,B1,loss,True,0.0,0.0,0.0,True,True
original,cross_condition,A1,B1,gradient,False,2.86102294921875e-06,3.3426931622670963e-07,0.904327392578125,True,True
original,cross_condition,A1,B1,update,False,0.000152587890625,1.4873024156258907e-05,0.89288330078125,True,True
original,cross_condition,A1,B1,result,False,0.0078125,1.4490338799078017e-05,0.017242431640625,True,True
original,cross_condition,A1,C1,map_mid,True,0.0,0.0,0.0,True,True
original,cross_condition,A1,C1,map_up,True,0.0,0.0,0.0,True,True
original,cross_condition,A1,C1,energy,True,0.0,0.0,0.0,True,True
original,cross_condition,A1,C1,loss,True,0.0,0.0,0.0,True,True
original,cross_condition,A1,C1,gradient,False,3.814697265625e-06,3.314216883154586e-07,0.90380859375,True,True
original,cross_condition,A1,C1,update,False,0.000152587890625,1.4739816833753139e-05,0.8922576904296875,True,True
original,cross_condition,A1,C1,result,False,0.0078125,1.4281271432992071e-05,0.0168609619140625,True,True
original,cross_condition,A1,D1,map_mid,True,0.0,0.0,0.0,True,True
original,cross_condition,A1,D1,map_up,True,0.0,0.0,0.0,True,True
original,cross_condition,A1,D1,energy,True,0.0,0.0,0.0,True,True
original,cross_condition,A1,D1,loss,True,0.0,0.0,0.0,True,True
original,cross_condition,A1,D1,gradient,False,2.86102294921875e-06,2.9526472644647583e-07,0.8917083740234375,True,True
original,cross_condition,A1,D1,update,False,0.000152587890625,1.3127527381584514e-05,0.878662109375,True,True
original,cross_condition,A1,D1,result,False,0.0078125,1.2934542610310018e-05,0.0150146484375,True,True
original,cross_condition,A2,B2,map_mid,True,0.0,0.0,0.0,True,True
original,cross_condition,A2,B2,map_up,True,0.0,0.0,0.0,True,True
original,cross_condition,A2,B2,energy,True,0.0,0.0,0.0,True,True
original,cross_condition,A2,B2,loss,True,0.0,0.0,0.0,True,True
original,cross_condition,A2,B2,gradient,False,3.814697265625e-06,3.2147181627806276e-07,0.899993896484375,True,True
original,cross_condition,A2,B2,update,False,0.00018310546875,1.4297294001153205e-05,0.8876190185546875,True,True
original,cross_condition,A2,B2,result,False,0.015625,1.3325152394827455e-05,0.0164337158203125,True,True
original,cross_condition,A2,C2,map_mid,True,0.0,0.0,0.0,True,True
original,cross_condition,A2,C2,map_up,True,0.0,0.0,0.0,True,True
original,cross_condition,A2,C2,energy,True,0.0,0.0,0.0,True,True
original,cross_condition,A2,C2,loss,True,0.0,0.0,0.0,True,True
original,cross_condition,A2,C2,gradient,False,2.86102294921875e-06,2.9803504730807617e-07,0.8926544189453125,True,True
original,cross_condition,A2,C2,update,False,0.000152587890625,1.3242895875009708e-05,0.8795928955078125,True,True
original,cross_condition,A2,C2,result,False,0.015625,1.2574462743941694e-05,0.0152130126953125,True,True
original,cross_condition,A2,D2,map_mid,True,0.0,0.0,0.0,True,True
original,cross_condition,A2,D2,map_up,True,0.0,0.0,0.0,True,True
original,cross_condition,A2,D2,energy,True,0.0,0.0,0.0,True,True
original,cross_condition,A2,D2,loss,True,0.0,0.0,0.0,True,True
original,cross_condition,A2,D2,gradient,False,2.86102294921875e-06,3.219747668481432e-07,0.904632568359375,True,True
original,cross_condition,A2,D2,update,False,0.000152587890625,1.43109373311745e-05,0.8924102783203125,True,True
original,cross_condition,A2,D2,result,False,0.0078125,1.3899501936975867e-05,0.0161895751953125,True,True
original,cross_condition,A3,B3,map_mid,True,0.0,0.0,0.0,True,True
original,cross_condition,A3,B3,map_up,True,0.0,0.0,0.0,True,True
original,cross_condition,A3,B3,energy,True,0.0,0.0,0.0,True,True
original,cross_condition,A3,B3,loss,True,0.0,0.0,0.0,True,True
original,cross_condition,A3,B3,gradient,False,4.410743713378906e-06,3.346503945067525e-07,0.904937744140625,True,True
original,cross_condition,A3,B3,update,False,0.0001983642578125,1.4886962162563577e-05,0.89337158203125,True,True
original,cross_condition,A3,B3,result,False,0.0078125,1.433064608136192e-05,0.0168304443359375,True,True
original,cross_condition,A3,C3,map_mid,True,0.0,0.0,0.0,True,True
original,cross_condition,A3,C3,map_up,True,0.0,0.0,0.0,True,True
original,cross_condition,A3,C3,energy,True,0.0,0.0,0.0,True,True
original,cross_condition,A3,C3,loss,True,0.0,0.0,0.0,True,True
original,cross_condition,A3,C3,gradient,False,2.86102294921875e-06,3.301147444290109e-07,0.9044189453125,True,True
original,cross_condition,A3,C3,update,False,0.0001220703125,1.4692190234200098e-05,0.8924560546875,True,True
original,cross_condition,A3,C3,result,False,0.0078125,1.4167671906761825e-05,0.0170440673828125,True,True
original,cross_condition,A3,D3,map_mid,True,0.0,0.0,0.0,True,True
original,cross_condition,A3,D3,map_up,True,0.0,0.0,0.0,True,True
original,cross_condition,A3,D3,energy,True,0.0,0.0,0.0,True,True
original,cross_condition,A3,D3,loss,True,0.0,0.0,0.0,True,True
original,cross_condition,A3,D3,gradient,False,3.337860107421875e-06,3.3637934393482283e-07,0.90185546875,True,True
original,cross_condition,A3,D3,update,False,0.000152587890625,1.4954292964830529e-05,0.89013671875,True,True
original,cross_condition,A3,D3,result,False,0.0078125,1.3740092981606722e-05,0.0164947509765625,True,True
deterministic,repeat,A1,A2,map_mid,True,0.0,0.0,0.0,True,True
deterministic,repeat,A1,A2,map_up,True,0.0,0.0,0.0,True,True
deterministic,repeat,A1,A2,energy,True,0.0,0.0,0.0,True,True
deterministic,repeat,A1,A2,loss,True,0.0,0.0,0.0,True,True
deterministic,repeat,A1,A2,gradient,True,0.0,0.0,0.0,True,True
deterministic,repeat,A1,A2,update,True,0.0,0.0,0.0,True,True
deterministic,repeat,A1,A2,result,True,0.0,0.0,0.0,True,True
deterministic,repeat,A1,A3,map_mid,True,0.0,0.0,0.0,True,True
deterministic,repeat,A1,A3,map_up,True,0.0,0.0,0.0,True,True
deterministic,repeat,A1,A3,energy,True,0.0,0.0,0.0,True,True
deterministic,repeat,A1,A3,loss,True,0.0,0.0,0.0,True,True
deterministic,repeat,A1,A3,gradient,True,0.0,0.0,0.0,True,True
deterministic,repeat,A1,A3,update,True,0.0,0.0,0.0,True,True
deterministic,repeat,A1,A3,result,True,0.0,0.0,0.0,True,True
deterministic,repeat,A2,A3,map_mid,True,0.0,0.0,0.0,True,True
deterministic,repeat,A2,A3,map_up,True,0.0,0.0,0.0,True,True
deterministic,repeat,A2,A3,energy,True,0.0,0.0,0.0,True,True
deterministic,repeat,A2,A3,loss,True,0.0,0.0,0.0,True,True
deterministic,repeat,A2,A3,gradient,True,0.0,0.0,0.0,True,True
deterministic,repeat,A2,A3,update,True,0.0,0.0,0.0,True,True
deterministic,repeat,A2,A3,result,True,0.0,0.0,0.0,True,True
deterministic,repeat,B1,B2,map_mid,True,0.0,0.0,0.0,True,True
deterministic,repeat,B1,B2,map_up,True,0.0,0.0,0.0,True,True
deterministic,repeat,B1,B2,energy,True,0.0,0.0,0.0,True,True
deterministic,repeat,B1,B2,loss,True,0.0,0.0,0.0,True,True
deterministic,repeat,B1,B2,gradient,True,0.0,0.0,0.0,True,True
deterministic,repeat,B1,B2,update,True,0.0,0.0,0.0,True,True
deterministic,repeat,B1,B2,result,True,0.0,0.0,0.0,True,True
deterministic,repeat,B1,B3,map_mid,True,0.0,0.0,0.0,True,True
deterministic,repeat,B1,B3,map_up,True,0.0,0.0,0.0,True,True
deterministic,repeat,B1,B3,energy,True,0.0,0.0,0.0,True,True
deterministic,repeat,B1,B3,loss,True,0.0,0.0,0.0,True,True
deterministic,repeat,B1,B3,gradient,True,0.0,0.0,0.0,True,True
deterministic,repeat,B1,B3,update,True,0.0,0.0,0.0,True,True
deterministic,repeat,B1,B3,result,True,0.0,0.0,0.0,True,True
deterministic,repeat,B2,B3,map_mid,True,0.0,0.0,0.0,True,True
deterministic,repeat,B2,B3,map_up,True,0.0,0.0,0.0,True,True
deterministic,repeat,B2,B3,energy,True,0.0,0.0,0.0,True,True
deterministic,repeat,B2,B3,loss,True,0.0,0.0,0.0,True,True
deterministic,repeat,B2,B3,gradient,True,0.0,0.0,0.0,True,True
deterministic,repeat,B2,B3,update,True,0.0,0.0,0.0,True,True
deterministic,repeat,B2,B3,result,True,0.0,0.0,0.0,True,True
deterministic,repeat,C1,C2,map_mid,True,0.0,0.0,0.0,True,True
deterministic,repeat,C1,C2,map_up,True,0.0,0.0,0.0,True,True
deterministic,repeat,C1,C2,energy,True,0.0,0.0,0.0,True,True
deterministic,repeat,C1,C2,loss,True,0.0,0.0,0.0,True,True
deterministic,repeat,C1,C2,gradient,True,0.0,0.0,0.0,True,True
deterministic,repeat,C1,C2,update,True,0.0,0.0,0.0,True,True
deterministic,repeat,C1,C2,result,True,0.0,0.0,0.0,True,True
deterministic,repeat,C1,C3,map_mid,True,0.0,0.0,0.0,True,True
deterministic,repeat,C1,C3,map_up,True,0.0,0.0,0.0,True,True
deterministic,repeat,C1,C3,energy,True,0.0,0.0,0.0,True,True
deterministic,repeat,C1,C3,loss,True,0.0,0.0,0.0,True,True
deterministic,repeat,C1,C3,gradient,True,0.0,0.0,0.0,True,True
deterministic,repeat,C1,C3,update,True,0.0,0.0,0.0,True,True
deterministic,repeat,C1,C3,result,True,0.0,0.0,0.0,True,True
deterministic,repeat,C2,C3,map_mid,True,0.0,0.0,0.0,True,True
deterministic,repeat,C2,C3,map_up,True,0.0,0.0,0.0,True,True
deterministic,repeat,C2,C3,energy,True,0.0,0.0,0.0,True,True
deterministic,repeat,C2,C3,loss,True,0.0,0.0,0.0,True,True
deterministic,repeat,C2,C3,gradient,True,0.0,0.0,0.0,True,True
deterministic,repeat,C2,C3,update,True,0.0,0.0,0.0,True,True
deterministic,repeat,C2,C3,result,True,0.0,0.0,0.0,True,True
deterministic,repeat,D1,D2,map_mid,True,0.0,0.0,0.0,True,True
deterministic,repeat,D1,D2,map_up,True,0.0,0.0,0.0,True,True
deterministic,repeat,D1,D2,energy,True,0.0,0.0,0.0,True,True
deterministic,repeat,D1,D2,loss,True,0.0,0.0,0.0,True,True
deterministic,repeat,D1,D2,gradient,True,0.0,0.0,0.0,True,True
deterministic,repeat,D1,D2,update,True,0.0,0.0,0.0,True,True
deterministic,repeat,D1,D2,result,True,0.0,0.0,0.0,True,True
deterministic,repeat,D1,D3,map_mid,True,0.0,0.0,0.0,True,True
deterministic,repeat,D1,D3,map_up,True,0.0,0.0,0.0,True,True
deterministic,repeat,D1,D3,energy,True,0.0,0.0,0.0,True,True
deterministic,repeat,D1,D3,loss,True,0.0,0.0,0.0,True,True
deterministic,repeat,D1,D3,gradient,True,0.0,0.0,0.0,True,True
deterministic,repeat,D1,D3,update,True,0.0,0.0,0.0,True,True
deterministic,repeat,D1,D3,result,True,0.0,0.0,0.0,True,True
deterministic,repeat,D2,D3,map_mid,True,0.0,0.0,0.0,True,True
deterministic,repeat,D2,D3,map_up,True,0.0,0.0,0.0,True,True
deterministic,repeat,D2,D3,energy,True,0.0,0.0,0.0,True,True
deterministic,repeat,D2,D3,loss,True,0.0,0.0,0.0,True,True
deterministic,repeat,D2,D3,gradient,True,0.0,0.0,0.0,True,True
deterministic,repeat,D2,D3,update,True,0.0,0.0,0.0,True,True
deterministic,repeat,D2,D3,result,True,0.0,0.0,0.0,True,True
deterministic,cross_condition,A1,B1,map_mid,True,0.0,0.0,0.0,True,True
deterministic,cross_condition,A1,B1,map_up,True,0.0,0.0,0.0,True,True
deterministic,cross_condition,A1,B1,energy,True,0.0,0.0,0.0,True,True
deterministic,cross_condition,A1,B1,loss,True,0.0,0.0,0.0,True,True
deterministic,cross_condition,A1,B1,gradient,True,0.0,0.0,0.0,True,True
deterministic,cross_condition,A1,B1,update,True,0.0,0.0,0.0,True,True
deterministic,cross_condition,A1,B1,result,True,0.0,0.0,0.0,True,True
deterministic,cross_condition,A1,C1,map_mid,True,0.0,0.0,0.0,True,True
deterministic,cross_condition,A1,C1,map_up,True,0.0,0.0,0.0,True,True
deterministic,cross_condition,A1,C1,energy,True,0.0,0.0,0.0,True,True
deterministic,cross_condition,A1,C1,loss,True,0.0,0.0,0.0,True,True
deterministic,cross_condition,A1,C1,gradient,True,0.0,0.0,0.0,True,True
deterministic,cross_condition,A1,C1,update,True,0.0,0.0,0.0,True,True
deterministic,cross_condition,A1,C1,result,True,0.0,0.0,0.0,True,True
deterministic,cross_condition,A1,D1,map_mid,True,0.0,0.0,0.0,True,True
deterministic,cross_condition,A1,D1,map_up,True,0.0,0.0,0.0,True,True
deterministic,cross_condition,A1,D1,energy,True,0.0,0.0,0.0,True,True
deterministic,cross_condition,A1,D1,loss,True,0.0,0.0,0.0,True,True
deterministic,cross_condition,A1,D1,gradient,True,0.0,0.0,0.0,True,True
deterministic,cross_condition,A1,D1,update,True,0.0,0.0,0.0,True,True
deterministic,cross_condition,A1,D1,result,True,0.0,0.0,0.0,True,True
deterministic,cross_condition,A2,B2,map_mid,True,0.0,0.0,0.0,True,True
deterministic,cross_condition,A2,B2,map_up,True,0.0,0.0,0.0,True,True
deterministic,cross_condition,A2,B2,energy,True,0.0,0.0,0.0,True,True
deterministic,cross_condition,A2,B2,loss,True,0.0,0.0,0.0,True,True
deterministic,cross_condition,A2,B2,gradient,True,0.0,0.0,0.0,True,True
deterministic,cross_condition,A2,B2,update,True,0.0,0.0,0.0,True,True
deterministic,cross_condition,A2,B2,result,True,0.0,0.0,0.0,True,True
deterministic,cross_condition,A2,C2,map_mid,True,0.0,0.0,0.0,True,True
deterministic,cross_condition,A2,C2,map_up,True,0.0,0.0,0.0,True,True
deterministic,cross_condition,A2,C2,energy,True,0.0,0.0,0.0,True,True
deterministic,cross_condition,A2,C2,loss,True,0.0,0.0,0.0,True,True
deterministic,cross_condition,A2,C2,gradient,True,0.0,0.0,0.0,True,True
deterministic,cross_condition,A2,C2,update,True,0.0,0.0,0.0,True,True
deterministic,cross_condition,A2,C2,result,True,0.0,0.0,0.0,True,True
deterministic,cross_condition,A2,D2,map_mid,True,0.0,0.0,0.0,True,True
deterministic,cross_condition,A2,D2,map_up,True,0.0,0.0,0.0,True,True
deterministic,cross_condition,A2,D2,energy,True,0.0,0.0,0.0,True,True
deterministic,cross_condition,A2,D2,loss,True,0.0,0.0,0.0,True,True
deterministic,cross_condition,A2,D2,gradient,True,0.0,0.0,0.0,True,True
deterministic,cross_condition,A2,D2,update,True,0.0,0.0,0.0,True,True
deterministic,cross_condition,A2,D2,result,True,0.0,0.0,0.0,True,True
deterministic,cross_condition,A3,B3,map_mid,True,0.0,0.0,0.0,True,True
deterministic,cross_condition,A3,B3,map_up,True,0.0,0.0,0.0,True,True
deterministic,cross_condition,A3,B3,energy,True,0.0,0.0,0.0,True,True
deterministic,cross_condition,A3,B3,loss,True,0.0,0.0,0.0,True,True
deterministic,cross_condition,A3,B3,gradient,True,0.0,0.0,0.0,True,True
deterministic,cross_condition,A3,B3,update,True,0.0,0.0,0.0,True,True
deterministic,cross_condition,A3,B3,result,True,0.0,0.0,0.0,True,True
deterministic,cross_condition,A3,C3,map_mid,True,0.0,0.0,0.0,True,True
deterministic,cross_condition,A3,C3,map_up,True,0.0,0.0,0.0,True,True
deterministic,cross_condition,A3,C3,energy,True,0.0,0.0,0.0,True,True
deterministic,cross_condition,A3,C3,loss,True,0.0,0.0,0.0,True,True
deterministic,cross_condition,A3,C3,gradient,True,0.0,0.0,0.0,True,True
deterministic,cross_condition,A3,C3,update,True,0.0,0.0,0.0,True,True
deterministic,cross_condition,A3,C3,result,True,0.0,0.0,0.0,True,True
deterministic,cross_condition,A3,D3,map_mid,True,0.0,0.0,0.0,True,True
deterministic,cross_condition,A3,D3,map_up,True,0.0,0.0,0.0,True,True
deterministic,cross_condition,A3,D3,energy,True,0.0,0.0,0.0,True,True
deterministic,cross_condition,A3,D3,loss,True,0.0,0.0,0.0,True,True
deterministic,cross_condition,A3,D3,gradient,True,0.0,0.0,0.0,True,True
deterministic,cross_condition,A3,D3,update,True,0.0,0.0,0.0,True,True
deterministic,cross_condition,A3,D3,result,True,0.0,0.0,0.0,True,True
original,implementation_validation,original_guidance_inner1,explicit_inner1,map_mid,True,0.0,0.0,0.0,True,True
original,implementation_validation,original_guidance_inner1,explicit_inner1,map_up,True,0.0,0.0,0.0,True,True
original,implementation_validation,original_guidance_inner1,explicit_inner1,energy,True,0.0,0.0,0.0,True,True
original,implementation_validation,original_guidance_inner1,explicit_inner1,loss,True,0.0,0.0,0.0,True,True
original,implementation_validation,original_guidance_inner1,explicit_inner1,gradient,False,2.86102294921875e-06,3.170762283843942e-07,0.9003753662109375,True,True
original,implementation_validation,original_guidance_inner1,explicit_inner1,update,False,0.000152587890625,1.4111279597273096e-05,0.8876190185546875,True,True
original,implementation_validation,original_guidance_inner1,explicit_inner1,result,False,0.0078125,1.3256198144517839e-05,0.0162200927734375,True,True
original_vs_deterministic,cross_setting,original_A1,deterministic_A1,map_mid,True,0.0,0.0,0.0,True,True
original_vs_deterministic,cross_setting,original_A1,deterministic_A1,map_up,True,0.0,0.0,0.0,True,True
original_vs_deterministic,cross_setting,original_A1,deterministic_A1,energy,True,0.0,0.0,0.0,True,True
original_vs_deterministic,cross_setting,original_A1,deterministic_A1,loss,True,0.0,0.0,0.0,True,True
original_vs_deterministic,cross_setting,original_A1,deterministic_A1,gradient,False,2.86102294921875e-06,3.154273144900799e-07,0.89825439453125,True,True
original_vs_deterministic,cross_setting,original_A1,deterministic_A1,update,False,0.000152587890625,1.4039153938938398e-05,0.8859710693359375,True,True
original_vs_deterministic,cross_setting,original_A1,deterministic_A1,result,False,0.0078125,1.2687531125266105e-05,0.0158843994140625,True,True
deterministic,confirmation_inner,A_inner0,D_inner0,map_mid,True,0.0,0.0,0.0,True,True
deterministic,confirmation_inner,A_inner0,D_inner0,map_up,True,0.0,0.0,0.0,True,True
deterministic,confirmation_inner,A_inner0,D_inner0,energy,True,0.0,0.0,0.0,True,True
deterministic,confirmation_inner,A_inner0,D_inner0,loss,True,0.0,0.0,0.0,True,True
deterministic,confirmation_inner,A_inner0,D_inner0,gradient,True,0.0,0.0,0.0,True,True
deterministic,confirmation_inner,A_inner0,D_inner0,update,True,0.0,0.0,0.0,True,True
deterministic,confirmation_inner,A_inner0,D_inner0,result,True,0.0,0.0,0.0,True,True
deterministic,confirmation_inner,A_inner1,D_inner1,map_mid,True,0.0,0.0,0.0,True,True
deterministic,confirmation_inner,A_inner1,D_inner1,map_up,True,0.0,0.0,0.0,True,True
deterministic,confirmation_inner,A_inner1,D_inner1,energy,True,0.0,0.0,0.0,True,True
deterministic,confirmation_inner,A_inner1,D_inner1,loss,True,0.0,0.0,0.0,True,True
deterministic,confirmation_inner,A_inner1,D_inner1,gradient,True,0.0,0.0,0.0,True,True
deterministic,confirmation_inner,A_inner1,D_inner1,update,True,0.0,0.0,0.0,True,True
deterministic,confirmation_inner,A_inner1,D_inner1,result,True,0.0,0.0,0.0,True,True
deterministic,confirmation_inner,A_inner2,D_inner2,map_mid,True,0.0,0.0,0.0,True,True
deterministic,confirmation_inner,A_inner2,D_inner2,map_up,True,0.0,0.0,0.0,True,True
deterministic,confirmation_inner,A_inner2,D_inner2,energy,True,0.0,0.0,0.0,True,True
deterministic,confirmation_inner,A_inner2,D_inner2,loss,True,0.0,0.0,0.0,True,True
deterministic,confirmation_inner,A_inner2,D_inner2,gradient,True,0.0,0.0,0.0,True,True
deterministic,confirmation_inner,A_inner2,D_inner2,update,True,0.0,0.0,0.0,True,True
deterministic,confirmation_inner,A_inner2,D_inner2,result,True,0.0,0.0,0.0,True,True
deterministic,confirmation_inner,A_inner3,D_inner3,map_mid,True,0.0,0.0,0.0,True,True
deterministic,confirmation_inner,A_inner3,D_inner3,map_up,True,0.0,0.0,0.0,True,True
deterministic,confirmation_inner,A_inner3,D_inner3,energy,True,0.0,0.0,0.0,True,True
deterministic,confirmation_inner,A_inner3,D_inner3,loss,True,0.0,0.0,0.0,True,True
deterministic,confirmation_inner,A_inner3,D_inner3,gradient,True,0.0,0.0,0.0,True,True
deterministic,confirmation_inner,A_inner3,D_inner3,update,True,0.0,0.0,0.0,True,True
deterministic,confirmation_inner,A_inner3,D_inner3,result,True,0.0,0.0,0.0,True,True
deterministic,confirmation_inner,A_inner4,D_inner4,map_mid,True,0.0,0.0,0.0,True,True
deterministic,confirmation_inner,A_inner4,D_inner4,map_up,True,0.0,0.0,0.0,True,True
deterministic,confirmation_inner,A_inner4,D_inner4,energy,True,0.0,0.0,0.0,True,True
deterministic,confirmation_inner,A_inner4,D_inner4,loss,True,0.0,0.0,0.0,True,True
deterministic,confirmation_inner,A_inner4,D_inner4,gradient,True,0.0,0.0,0.0,True,True
deterministic,confirmation_inner,A_inner4,D_inner4,update,True,0.0,0.0,0.0,True,True
deterministic,confirmation_inner,A_inner4,D_inner4,result,True,0.0,0.0,0.0,True,True
deterministic,confirmation_final,A_guidance,D_guidance,latent,True,0.0,0.0,0.0,True,True
deterministic,confirmation_final,A_step,D_step,latent,True,0.0,0.0,0.0,True,True
