path,energy,gradient_norm,gradient_norm_fp32,update_norm,relative_update
04_relation_preservation/outputs/stage03b/deterministic_confirm/A/inner0/trace.pt,0.5472047328948975,0.044219970703125,0.04422997310757637,1.966796875,0.001140594482421875
04_relation_preservation/outputs/stage03b/deterministic_confirm/A/inner1/trace.pt,0.5442664623260498,0.04412841796875,0.04413492605090141,1.962890625,0.0011386871337890625
04_relation_preservation/outputs/stage03b/deterministic_confirm/A/inner2/trace.pt,0.5413992404937744,0.043975830078125,0.04396573081612587,1.955078125,0.0011339187622070312
04_relation_preservation/outputs/stage03b/deterministic_confirm/A/inner3/trace.pt,0.5385036468505859,0.045318603515625,0.045308567583560944,2.015625,0.0011692047119140625
04_relation_preservation/outputs/stage03b/deterministic_confirm/A/inner4/trace.pt,0.535407543182373,0.046600341796875,0.04659575968980789,2.072265625,0.001201629638671875
04_relation_preservation/outputs/stage03b/deterministic_confirm/D/inner0/trace.pt,0.5472047328948975,0.044219970703125,0.04422997310757637,1.966796875,0.001140594482421875
04_relation_preservation/outputs/stage03b/deterministic_confirm/D/inner1/trace.pt,0.5442664623260498,0.04412841796875,0.04413492605090141,1.962890625,0.0011386871337890625
04_relation_preservation/outputs/stage03b/deterministic_confirm/D/inner2/trace.pt,0.5413992404937744,0.043975830078125,0.04396573081612587,1.955078125,0.0011339187622070312
04_relation_preservation/outputs/stage03b/deterministic_confirm/D/inner3/trace.pt,0.5385036468505859,0.045318603515625,0.045308567583560944,2.015625,0.0011692047119140625
04_relation_preservation/outputs/stage03b/deterministic_confirm/D/inner4/trace.pt,0.535407543182373,0.046600341796875,0.04659575968980789,2.072265625,0.001201629638671875
04_relation_preservation/outputs/stage03b/deterministic_matrix/A1/trace.pt,0.5472047328948975,0.044219970703125,0.04422997310757637,1.966796875,0.001140594482421875
04_relation_preservation/outputs/stage03b/deterministic_matrix/A2/trace.pt,0.5472047328948975,0.044219970703125,0.04422997310757637,1.966796875,0.001140594482421875
04_relation_preservation/outputs/stage03b/deterministic_matrix/A3/trace.pt,0.5472047328948975,0.044219970703125,0.04422997310757637,1.966796875,0.001140594482421875
04_relation_preservation/outputs/stage03b/deterministic_matrix/B1/trace.pt,0.5472047328948975,0.044219970703125,0.04422997310757637,1.966796875,0.001140594482421875
04_relation_preservation/outputs/stage03b/deterministic_matrix/B2/trace.pt,0.5472047328948975,0.044219970703125,0.04422997310757637,1.966796875,0.001140594482421875
04_relation_preservation/outputs/stage03b/deterministic_matrix/B3/trace.pt,0.5472047328948975,0.044219970703125,0.04422997310757637,1.966796875,0.001140594482421875
04_relation_preservation/outputs/stage03b/deterministic_matrix/C1/trace.pt,0.5472047328948975,0.044219970703125,0.04422997310757637,1.966796875,0.001140594482421875
04_relation_preservation/outputs/stage03b/deterministic_matrix/C2/trace.pt,0.5472047328948975,0.044219970703125,0.04422997310757637,1.966796875,0.001140594482421875
04_relation_preservation/outputs/stage03b/deterministic_matrix/C3/trace.pt,0.5472047328948975,0.044219970703125,0.04422997310757637,1.966796875,0.001140594482421875
04_relation_preservation/outputs/stage03b/deterministic_matrix/D1/trace.pt,0.5472047328948975,0.044219970703125,0.04422997310757637,1.966796875,0.001140594482421875
04_relation_preservation/outputs/stage03b/deterministic_matrix/D2/trace.pt,0.5472047328948975,0.044219970703125,0.04422997310757637,1.966796875,0.001140594482421875
04_relation_preservation/outputs/stage03b/deterministic_matrix/D3/trace.pt,0.5472047328948975,0.044219970703125,0.04422997310757637,1.966796875,0.001140594482421875
04_relation_preservation/outputs/stage03b/original_matrix/A1/trace.pt,0.5472047328948975,0.044219970703125,0.04422225058078766,1.966796875,0.001140594482421875
04_relation_preservation/outputs/stage03b/original_matrix/A2/trace.pt,0.5472047328948975,0.044219970703125,0.044212255626916885,1.9658203125,0.001140594482421875
04_relation_preservation/outputs/stage03b/original_matrix/A3/trace.pt,0.5472047328948975,0.044219970703125,0.04422282800078392,1.966796875,0.001140594482421875
04_relation_preservation/outputs/stage03b/original_matrix/B1/trace.pt,0.5472047328948975,0.044219970703125,0.04423370957374573,1.966796875,0.001140594482421875
04_relation_preservation/outputs/stage03b/original_matrix/B2/trace.pt,0.5472047328948975,0.044219970703125,0.0442284531891346,1.966796875,0.001140594482421875
04_relation_preservation/outputs/stage03b/original_matrix/B3/trace.pt,0.5472047328948975,0.04425048828125,0.04424145817756653,1.9677734375,0.0011415481567382812
04_relation_preservation/outputs/stage03b/original_matrix/C1/trace.pt,0.5472047328948975,0.04425048828125,0.044239938259124756,1.9677734375,0.0011415481567382812
04_relation_preservation/outputs/stage03b/original_matrix/C2/trace.pt,0.5472047328948975,0.044219970703125,0.04422846436500549,1.966796875,0.001140594482421875
04_relation_preservation/outputs/stage03b/original_matrix/C3/trace.pt,0.5472047328948975,0.04425048828125,0.044235438108444214,1.966796875,0.001140594482421875
04_relation_preservation/outputs/stage03b/original_matrix/D1/trace.pt,0.5472047328948975,0.044219970703125,0.04422202706336975,1.966796875,0.001140594482421875
04_relation_preservation/outputs/stage03b/original_matrix/D2/trace.pt,0.5472047328948975,0.044219970703125,0.04423101991415024,1.966796875,0.001140594482421875
04_relation_preservation/outputs/stage03b/original_matrix/D3/trace.pt,0.5472047328948975,0.04425048828125,0.0442395843565464,1.9677734375,0.0011415481567382812
04_relation_preservation/outputs/stage03b/original_matrix/validation_explicit/trace.pt,0.5472047328948975,0.044219970703125,0.044232796877622604,1.966796875,0.001140594482421875
04_relation_preservation/outputs/stage03b/original_matrix/validation_original/inner0/trace.pt,0.5472047328948975,0.044219970703125,0.04423518478870392,1.966796875,0.001140594482421875
04_relation_preservation/outputs/stage03b/original_matrix/validation_original/trace.pt,0.5472047328948975,0.04425048828125,0.04423524811863899,1.966796875,0.001140594482421875
