denoising_index,phase,word,layer,conditional_call,peak_value,peak_x,peak_y,centroid_x,centroid_y,spatial_entropy_nats,mask_area_ratio,in_box_ratio,finite,model_parameter_grad_present
5,post_backward,apple,mid,0,0.03995169326663017,0.265625,0.734375,0.49600721525567726,0.49554771136069387,6.9251167814798436,0.28125,0.28317107917909606,True,False
5,post_backward,apple,up,0,0.16780176758766174,0.265625,0.734375,0.46952183386553625,0.5390374164569759,6.807981201857934,0.28125,0.23805138859298564,True,False
5,post_backward,apple,mid,1,0.03997550904750824,0.265625,0.734375,0.49589979661807865,0.4953902246592352,6.925088626709668,0.28125,0.28349923965248597,True,False
5,post_backward,apple,up,1,0.1657404750585556,0.265625,0.734375,0.4697869601057297,0.5366110904146323,6.810794745464979,0.28125,0.24160727370859922,True,False
5,post_backward,apple,mid,2,0.04005066677927971,0.265625,0.734375,0.4958108224247507,0.4952569534877188,6.925051873185517,0.28125,0.28380662277692864,True,False
5,post_backward,apple,up,2,0.1637602299451828,0.265625,0.734375,0.47007925040182175,0.5343677214688636,6.81303863691265,0.28125,0.2451056371924209,True,False
5,post_backward,apple,mid,3,0.040202707052230835,0.265625,0.734375,0.4957776336886373,0.4951452553330169,6.925019163955793,0.28125,0.2840659698489333,True,False
5,post_backward,apple,up,3,0.16172216832637787,0.265625,0.734375,0.4704395021042207,0.5321750256603648,6.814857247257345,0.28125,0.2487039498230363,True,False
5,post_backward,apple,mid,4,0.04038993641734123,0.265625,0.734375,0.4957700209472631,0.49506548504272874,6.924991455070736,0.28125,0.28428060116120124,True,False
5,post_backward,apple,up,4,0.16043202579021454,0.296875,0.703125,0.4708634923661822,0.5298327591799865,6.8165039917342725,0.28125,0.25263068254323573,True,False
