left,right,kind,field,torch_equal,max_abs_error,mean_abs_error,different_element_ratio,dtype_equal,finite
A1,A2,repeat,map_mid,True,0.0,0.0,0.0,True,True
A1,A2,repeat,map_up,True,0.0,0.0,0.0,True,True
A1,A2,repeat,energy,True,0.0,0.0,0.0,True,True
A1,A2,repeat,loss,True,0.0,0.0,0.0,True,True
A1,A2,repeat,gradient,True,0.0,0.0,0.0,True,True
A1,A2,repeat,update,True,0.0,0.0,0.0,True,True
A1,A2,repeat,result,True,0.0,0.0,0.0,True,True
A1,A3,repeat,map_mid,True,0.0,0.0,0.0,True,True
A1,A3,repeat,map_up,True,0.0,0.0,0.0,True,True
A1,A3,repeat,energy,True,0.0,0.0,0.0,True,True
A1,A3,repeat,loss,True,0.0,0.0,0.0,True,True
A1,A3,repeat,gradient,True,0.0,0.0,0.0,True,True
A1,A3,repeat,update,True,0.0,0.0,0.0,True,True
A1,A3,repeat,result,True,0.0,0.0,0.0,True,True
A2,A3,repeat,map_mid,True,0.0,0.0,0.0,True,True
A2,A3,repeat,map_up,True,0.0,0.0,0.0,True,True
A2,A3,repeat,energy,True,0.0,0.0,0.0,True,True
A2,A3,repeat,loss,True,0.0,0.0,0.0,True,True
A2,A3,repeat,gradient,True,0.0,0.0,0.0,True,True
A2,A3,repeat,update,True,0.0,0.0,0.0,True,True
A2,A3,repeat,result,True,0.0,0.0,0.0,True,True
B1,B2,repeat,map_mid,True,0.0,0.0,0.0,True,True
B1,B2,repeat,map_up,True,0.0,0.0,0.0,True,True
B1,B2,repeat,energy,True,0.0,0.0,0.0,True,True
B1,B2,repeat,loss,True,0.0,0.0,0.0,True,True
B1,B2,repeat,gradient,True,0.0,0.0,0.0,True,True
B1,B2,repeat,update,True,0.0,0.0,0.0,True,True
B1,B2,repeat,result,True,0.0,0.0,0.0,True,True
B1,B3,repeat,map_mid,True,0.0,0.0,0.0,True,True
B1,B3,repeat,map_up,True,0.0,0.0,0.0,True,True
B1,B3,repeat,energy,True,0.0,0.0,0.0,True,True
B1,B3,repeat,loss,True,0.0,0.0,0.0,True,True
B1,B3,repeat,gradient,True,0.0,0.0,0.0,True,True
B1,B3,repeat,update,True,0.0,0.0,0.0,True,True
B1,B3,repeat,result,True,0.0,0.0,0.0,True,True
B2,B3,repeat,map_mid,True,0.0,0.0,0.0,True,True
B2,B3,repeat,map_up,True,0.0,0.0,0.0,True,True
B2,B3,repeat,energy,True,0.0,0.0,0.0,True,True
B2,B3,repeat,loss,True,0.0,0.0,0.0,True,True
B2,B3,repeat,gradient,True,0.0,0.0,0.0,True,True
B2,B3,repeat,update,True,0.0,0.0,0.0,True,True
B2,B3,repeat,result,True,0.0,0.0,0.0,True,True
C1,C2,repeat,map_mid,True,0.0,0.0,0.0,True,True
C1,C2,repeat,map_up,True,0.0,0.0,0.0,True,True
C1,C2,repeat,energy,True,0.0,0.0,0.0,True,True
C1,C2,repeat,loss,True,0.0,0.0,0.0,True,True
C1,C2,repeat,gradient,True,0.0,0.0,0.0,True,True
C1,C2,repeat,update,True,0.0,0.0,0.0,True,True
C1,C2,repeat,result,True,0.0,0.0,0.0,True,True
C1,C3,repeat,map_mid,True,0.0,0.0,0.0,True,True
C1,C3,repeat,map_up,True,0.0,0.0,0.0,True,True
C1,C3,repeat,energy,True,0.0,0.0,0.0,True,True
C1,C3,repeat,loss,True,0.0,0.0,0.0,True,True
C1,C3,repeat,gradient,True,0.0,0.0,0.0,True,True
C1,C3,repeat,update,True,0.0,0.0,0.0,True,True
C1,C3,repeat,result,True,0.0,0.0,0.0,True,True
C2,C3,repeat,map_mid,True,0.0,0.0,0.0,True,True
C2,C3,repeat,map_up,True,0.0,0.0,0.0,True,True
C2,C3,repeat,energy,True,0.0,0.0,0.0,True,True
C2,C3,repeat,loss,True,0.0,0.0,0.0,True,True
C2,C3,repeat,gradient,True,0.0,0.0,0.0,True,True
C2,C3,repeat,update,True,0.0,0.0,0.0,True,True
C2,C3,repeat,result,True,0.0,0.0,0.0,True,True
D1,D2,repeat,map_mid,True,0.0,0.0,0.0,True,True
D1,D2,repeat,map_up,True,0.0,0.0,0.0,True,True
D1,D2,repeat,energy,True,0.0,0.0,0.0,True,True
D1,D2,repeat,loss,True,0.0,0.0,0.0,True,True
D1,D2,repeat,gradient,True,0.0,0.0,0.0,True,True
D1,D2,repeat,update,True,0.0,0.0,0.0,True,True
D1,D2,repeat,result,True,0.0,0.0,0.0,True,True
D1,D3,repeat,map_mid,True,0.0,0.0,0.0,True,True
D1,D3,repeat,map_up,True,0.0,0.0,0.0,True,True
D1,D3,repeat,energy,True,0.0,0.0,0.0,True,True
D1,D3,repeat,loss,True,0.0,0.0,0.0,True,True
D1,D3,repeat,gradient,True,0.0,0.0,0.0,True,True
D1,D3,repeat,update,True,0.0,0.0,0.0,True,True
D1,D3,repeat,result,True,0.0,0.0,0.0,True,True
D2,D3,repeat,map_mid,True,0.0,0.0,0.0,True,True
D2,D3,repeat,map_up,True,0.0,0.0,0.0,True,True
D2,D3,repeat,energy,True,0.0,0.0,0.0,True,True
D2,D3,repeat,loss,True,0.0,0.0,0.0,True,True
D2,D3,repeat,gradient,True,0.0,0.0,0.0,True,True
D2,D3,repeat,update,True,0.0,0.0,0.0,True,True
D2,D3,repeat,result,True,0.0,0.0,0.0,True,True
A1,B1,cross_condition,map_mid,True,0.0,0.0,0.0,True,True
A1,B1,cross_condition,map_up,True,0.0,0.0,0.0,True,True
A1,B1,cross_condition,energy,True,0.0,0.0,0.0,True,True
A1,B1,cross_condition,loss,True,0.0,0.0,0.0,True,True
A1,B1,cross_condition,gradient,True,0.0,0.0,0.0,True,True
A1,B1,cross_condition,update,True,0.0,0.0,0.0,True,True
A1,B1,cross_condition,result,True,0.0,0.0,0.0,True,True
A1,C1,cross_condition,map_mid,True,0.0,0.0,0.0,True,True
A1,C1,cross_condition,map_up,True,0.0,0.0,0.0,True,True
A1,C1,cross_condition,energy,True,0.0,0.0,0.0,True,True
A1,C1,cross_condition,loss,True,0.0,0.0,0.0,True,True
A1,C1,cross_condition,gradient,True,0.0,0.0,0.0,True,True
A1,C1,cross_condition,update,True,0.0,0.0,0.0,True,True
A1,C1,cross_condition,result,True,0.0,0.0,0.0,True,True
A1,D1,cross_condition,map_mid,True,0.0,0.0,0.0,True,True
A1,D1,cross_condition,map_up,True,0.0,0.0,0.0,True,True
A1,D1,cross_condition,energy,True,0.0,0.0,0.0,True,True
A1,D1,cross_condition,loss,True,0.0,0.0,0.0,True,True
A1,D1,cross_condition,gradient,True,0.0,0.0,0.0,True,True
A1,D1,cross_condition,update,True,0.0,0.0,0.0,True,True
A1,D1,cross_condition,result,True,0.0,0.0,0.0,True,True
A2,B2,cross_condition,map_mid,True,0.0,0.0,0.0,True,True
A2,B2,cross_condition,map_up,True,0.0,0.0,0.0,True,True
A2,B2,cross_condition,energy,True,0.0,0.0,0.0,True,True
A2,B2,cross_condition,loss,True,0.0,0.0,0.0,True,True
A2,B2,cross_condition,gradient,True,0.0,0.0,0.0,True,True
A2,B2,cross_condition,update,True,0.0,0.0,0.0,True,True
A2,B2,cross_condition,result,True,0.0,0.0,0.0,True,True
A2,C2,cross_condition,map_mid,True,0.0,0.0,0.0,True,True
A2,C2,cross_condition,map_up,True,0.0,0.0,0.0,True,True
A2,C2,cross_condition,energy,True,0.0,0.0,0.0,True,True
A2,C2,cross_condition,loss,True,0.0,0.0,0.0,True,True
A2,C2,cross_condition,gradient,True,0.0,0.0,0.0,True,True
A2,C2,cross_condition,update,True,0.0,0.0,0.0,True,True
A2,C2,cross_condition,result,True,0.0,0.0,0.0,True,True
A2,D2,cross_condition,map_mid,True,0.0,0.0,0.0,True,True
A2,D2,cross_condition,map_up,True,0.0,0.0,0.0,True,True
A2,D2,cross_condition,energy,True,0.0,0.0,0.0,True,True
A2,D2,cross_condition,loss,True,0.0,0.0,0.0,True,True
A2,D2,cross_condition,gradient,True,0.0,0.0,0.0,True,True
A2,D2,cross_condition,update,True,0.0,0.0,0.0,True,True
A2,D2,cross_condition,result,True,0.0,0.0,0.0,True,True
A3,B3,cross_condition,map_mid,True,0.0,0.0,0.0,True,True
A3,B3,cross_condition,map_up,True,0.0,0.0,0.0,True,True
A3,B3,cross_condition,energy,True,0.0,0.0,0.0,True,True
A3,B3,cross_condition,loss,True,0.0,0.0,0.0,True,True
A3,B3,cross_condition,gradient,True,0.0,0.0,0.0,True,True
A3,B3,cross_condition,update,True,0.0,0.0,0.0,True,True
A3,B3,cross_condition,result,True,0.0,0.0,0.0,True,True
A3,C3,cross_condition,map_mid,True,0.0,0.0,0.0,True,True
A3,C3,cross_condition,map_up,True,0.0,0.0,0.0,True,True
A3,C3,cross_condition,energy,True,0.0,0.0,0.0,True,True
A3,C3,cross_condition,loss,True,0.0,0.0,0.0,True,True
A3,C3,cross_condition,gradient,True,0.0,0.0,0.0,True,True
A3,C3,cross_condition,update,True,0.0,0.0,0.0,True,True
A3,C3,cross_condition,result,True,0.0,0.0,0.0,True,True
A3,D3,cross_condition,map_mid,True,0.0,0.0,0.0,True,True
A3,D3,cross_condition,map_up,True,0.0,0.0,0.0,True,True
A3,D3,cross_condition,energy,True,0.0,0.0,0.0,True,True
A3,D3,cross_condition,loss,True,0.0,0.0,0.0,True,True
A3,D3,cross_condition,gradient,True,0.0,0.0,0.0,True,True
A3,D3,cross_condition,update,True,0.0,0.0,0.0,True,True
A3,D3,cross_condition,result,True,0.0,0.0,0.0,True,True
