seed,denoising_index,phase,word,layer,conditional_call,peak_value,peak_x,peak_y,centroid_x,centroid_y,spatial_entropy_nats,mask_area_ratio,in_box_ratio,finite,model_parameter_grad_present
2048,5,before,apple,mid,0,0.04925099387764931,0.203125,0.703125,0.49227469422098546,0.500938659704222,6.923858972551383,0.28125,0.27680444752588795,True,False
2048,5,before,apple,up,0,0.16337288916110992,0.203125,0.703125,0.4613454910181333,0.5273930606602653,6.836398231681532,0.28125,0.2502015150408764,True,False
2048,5,after,apple,mid,0,0.048152144998311996,0.234375,0.734375,0.49462816586411573,0.49755788180924304,6.924656836908136,0.28125,0.2838046630194979,True,False
2048,5,after,apple,up,0,0.16870592534542084,0.484375,0.359375,0.46535435781951395,0.47799818314107645,6.826754867946411,0.28125,0.3262261879530474,True,False
2048,9,before,apple,mid,0,0.05286543443799019,0.265625,0.734375,0.49242006930353527,0.4958332057344308,6.923280134063338,0.28125,0.2921891818424009,True,False
2048,9,before,apple,up,0,0.2509487271308899,0.390625,0.390625,0.45263445896846943,0.3982877838137286,6.66295153360414,0.28125,0.518627289094074,True,False
2048,9,after,apple,mid,0,0.04663959890604019,0.265625,0.734375,0.49399465903452133,0.4909568909109542,6.923825679805256,0.28125,0.30207939412975404,True,False
2048,9,after,apple,up,0,0.2886885106563568,0.234375,0.234375,0.43821701759375375,0.36655795668036373,6.544614225837302,0.28125,0.6242091261610672,True,False
4096,5,before,apple,mid,0,0.047795962542295456,0.453125,0.828125,0.5001930147967606,0.4995701112158386,6.923706864874642,0.28125,0.2835352333088519,True,False
4096,5,before,apple,up,0,0.1546534150838852,0.453125,0.796875,0.5028763633221564,0.5525798454008106,6.822307988254042,0.28125,0.22807521573903908,True,False
4096,5,after,apple,mid,0,0.042180418968200684,0.484375,0.765625,0.49972899824926725,0.4950502789495957,6.925345260146091,0.28125,0.29561415064449814,True,False
4096,5,after,apple,up,0,0.12836937606334686,0.421875,0.234375,0.49559917455390873,0.4894706919643027,6.850731024866391,0.28125,0.3244874480002716,True,False
4096,9,before,apple,mid,0,0.03645298257470131,0.515625,0.796875,0.5031655802434791,0.49126555633473784,6.925488175408995,0.28125,0.3056370046771446,True,False
4096,9,before,apple,up,0,0.22091622650623322,0.359375,0.203125,0.4960983605794952,0.3939771288883337,6.677368813948416,0.28125,0.5547785881294898,True,False
4096,9,after,apple,mid,0,0.03804784640669823,0.484375,0.234375,0.5015822873227113,0.48246693447276706,6.922427729153192,0.28125,0.32296663128524883,True,False
4096,9,after,apple,up,0,0.283603310585022,0.359375,0.265625,0.48869913469123666,0.33256780429733057,6.481346280548035,0.28125,0.7023029435593348,True,False
