seed,denoising_index,timestep,sigma,energy_first,energy_last_pre_update,energy_final,mid_ratio_first,mid_ratio_last,up_ratio_first,up_ratio_last,executed_inner_iterations
2048,5,856.0,6.668572902679443,0.5426048040390015,0.4938078820705414,0.4834534227848053,0.27680444717407227,0.28380468487739563,0.2502015233039856,0.32622620463371277,20
2048,6,837.0,6.078628063201904,0.4994722604751587,0.4327813386917114,0.42847898602485657,0.28184249997138977,0.2870429754257202,0.30487826466560364,0.40953385829925537,20
2048,7,818.0,5.554561614990234,0.4404338002204895,0.3817739486694336,0.37831053137779236,0.2852752208709717,0.2917681038379669,0.391694039106369,0.49499639868736267,20
2048,8,799.0,5.087765216827393,0.44473594427108765,0.34301626682281494,0.340963214635849,0.2866557836532593,0.29705125093460083,0.3830625116825104,0.5666531324386597,20
2048,9,780.0,4.670868873596191,0.3663579225540161,0.31426143646240234,0.3141559362411499,0.29218918085098267,0.3020794093608856,0.5186272859573364,0.6242091655731201,20
4096,5,856.0,6.668572902679443,0.5545948147773743,0.4834856688976288,0.47623834013938904,0.2835352122783661,0.2956141233444214,0.22807519137859344,0.3244874179363251,20
4096,6,837.0,6.078628063201904,0.5303103923797607,0.3771805167198181,0.3716496229171753,0.2871977984905243,0.30554550886154175,0.2566738426685333,0.4890868663787842,20
4096,7,818.0,5.554561614990234,0.42771267890930176,0.32299578189849854,0.3218003213405609,0.2983056604862213,0.30958548188209534,0.3974633812904358,0.5914313197135925,20
4096,8,799.0,5.087765216827393,0.41794633865356445,0.2957001030445099,0.29424381256103516,0.30014488101005554,0.31527045369148254,0.41170114278793335,0.6541199088096619,20
4096,9,780.0,4.670868873596191,0.34018105268478394,0.2746441662311554,0.27349886298179626,0.305637001991272,0.32296663522720337,0.5547785758972168,0.7023029327392578,20
