branch,denoising_index,phase,word,layer,conditional_call,peak_value,peak_x,peak_y,centroid_x,centroid_y,spatial_entropy_nats,mask_area_ratio,in_box_ratio,finite,model_parameter_grad_present
G5,5,before,apple,mid,0,0.03995169326663017,0.265625,0.734375,0.49600721525567726,0.49554771136069387,6.9251167814798436,0.28125,0.28317107917909606,True,False
G5,5,before,apple,up,0,0.16780176758766174,0.265625,0.734375,0.46952183386553625,0.5390374164569759,6.807981201857934,0.28125,0.23805138859298564,True,False
G5,5,after,apple,mid,0,0.04062625765800476,0.265625,0.734375,0.4957787939031196,0.4950141781671203,6.924966573314428,0.28125,0.28445740813871323,True,False
G5,5,after,apple,up,0,0.1594310849905014,0.296875,0.703125,0.47129810578228737,0.5272834910593039,6.817997669251598,0.28125,0.256870040921795,True,False
G5,9,before,apple,mid,0,0.04024575278162956,0.265625,0.734375,0.4968894219907928,0.49452600394665436,6.924847353367177,0.28125,0.28702748040495146,True,False
G5,9,before,apple,up,0,0.17648330330848694,0.515625,0.328125,0.46712403396083446,0.4822912104479504,6.820495969541714,0.28125,0.31946914029247914,True,False
G5,9,after,apple,mid,0,0.03894587606191635,0.265625,0.734375,0.4932640351331439,0.4924853317211667,6.9247808722371005,0.28125,0.2906992536675767,True,False
G5,9,after,apple,up,0,0.18383823335170746,0.515625,0.328125,0.44456648327601767,0.45140907795331986,6.793838633399491,0.28125,0.3708606121958049,True,False
G20,5,before,apple,mid,0,0.03995169326663017,0.265625,0.734375,0.49600721525567726,0.49554771136069387,6.9251167814798436,0.28125,0.28317107917909606,True,False
G20,5,before,apple,up,0,0.16780176758766174,0.265625,0.734375,0.46952183386553625,0.5390374164569759,6.807981201857934,0.28125,0.23805138859298564,True,False
G20,5,after,apple,mid,0,0.03929218277335167,0.265625,0.734375,0.49212008955193415,0.49042477105176885,6.924286010029489,0.28125,0.2937440937477471,True,False
G20,5,after,apple,up,0,0.156906858086586,0.515625,0.359375,0.44022257841710866,0.45159436095549177,6.793772563050757,0.28125,0.3800057994976409,True,False
G20,9,before,apple,mid,0,0.0436820350587368,0.515625,0.296875,0.49009033473163127,0.48516006659062316,6.922891985968953,0.28125,0.3092603314415468,True,False
G20,9,before,apple,up,0,0.2367282211780548,0.234375,0.171875,0.4036372090213106,0.3729678781085687,6.594761616531778,0.28125,0.5596950808390796,True,False
G20,9,after,apple,mid,0,0.043402839452028275,0.515625,0.265625,0.4940424402073408,0.4832338014865132,6.921191360978703,0.28125,0.3167411622792982,True,False
G20,9,after,apple,up,0,0.28432005643844604,0.234375,0.171875,0.4191352522834162,0.34267955162322616,6.447200452349283,0.28125,0.6677415537099877,True,False
