branch,denoising_index,timestep,sigma,inner_index,mid_ratio,up_ratio,aggregate_energy,loss_scaled,gradient_norm,gradient_norm_fp32,latent_norm,update_norm,relative_update,finite,nonzero_gradient,model_parameter_grad_present,update_executed
G5,5,856.0,6.668572902679443,0,0.2831710875034332,0.2380513697862625,0.5472047328948975,16.416141510009766,0.044219970703125,0.04422997310757637,1724.0,1.966796875,0.001140594482421875,True,True,False,True
G5,5,856.0,6.668572902679443,1,0.28349924087524414,0.24160726368427277,0.5442664623260498,16.327993392944336,0.04412841796875,0.04413492605090141,1724.0,1.962890625,0.0011386871337890625,True,True,False,True
G5,5,856.0,6.668572902679443,2,0.2838066518306732,0.24510562419891357,0.5413992404937744,16.24197769165039,0.043975830078125,0.04396573081612587,1724.0,1.955078125,0.0011339187622070312,True,True,False,True
G5,5,856.0,6.668572902679443,3,0.28406596183776855,0.2487039566040039,0.5385036468505859,16.155109405517578,0.045318603515625,0.045308567583560944,1724.0,2.015625,0.0011692047119140625,True,True,False,True
G5,5,856.0,6.668572902679443,4,0.28428059816360474,0.25263071060180664,0.535407543182373,16.062225341796875,0.046600341796875,0.04659575968980789,1724.0,2.072265625,0.001201629638671875,True,True,False,True
G5,6,837.0,6.078628063201904,0,0.2822709381580353,0.24378909170627594,0.5434949994087219,16.30484962463379,0.059539794921875,0.05954451113939285,1573.0,2.19921875,0.0013980865478515625,True,True,False,True
G5,6,837.0,6.078628063201904,1,0.2825984060764313,0.24955719709396362,0.5389147400856018,16.167442321777344,0.06103515625,0.06102284789085388,1573.0,2.25390625,0.0014324188232421875,True,True,False,True
G5,6,837.0,6.078628063201904,2,0.2828699052333832,0.2552487552165985,0.534464955329895,16.03394889831543,0.058349609375,0.058353815227746964,1573.0,2.15625,0.0013704299926757812,True,True,False,True
G5,6,837.0,6.078628063201904,3,0.28304558992385864,0.26078590750694275,0.5302305221557617,15.906915664672852,0.059722900390625,0.059733565896749496,1573.0,2.20703125,0.0014028549194335938,True,True,False,True
G5,6,837.0,6.078628063201904,4,0.2831610441207886,0.26682108640670776,0.5257047414779663,15.77114200592041,0.06256103515625,0.06253214180469513,1573.0,2.310546875,0.001468658447265625,True,True,False,True
G5,7,818.0,5.554561614990234,0,0.2840677797794342,0.27809327840805054,0.5168541669845581,15.505624771118164,0.0762939453125,0.07628606259822845,1439.0,2.353515625,0.0016355514526367188,True,True,False,True
G5,7,818.0,5.554561614990234,1,0.28435495495796204,0.2864101231098175,0.5106791853904724,15.320375442504883,0.0792236328125,0.0792422667145729,1439.0,2.4453125,0.0016994476318359375,True,True,False,True
G5,7,818.0,5.554561614990234,2,0.28483644127845764,0.29495251178741455,0.5042754411697388,15.128263473510742,0.074462890625,0.07449224591255188,1440.0,2.298828125,0.0015964508056640625,True,True,False,True
G5,7,818.0,5.554561614990234,3,0.2854840159416199,0.301790714263916,0.49901464581489563,14.970438957214355,0.06414794921875,0.06415887922048569,1440.0,1.9794921875,0.0013742446899414062,True,True,False,True
G5,7,818.0,5.554561614990234,4,0.2860604226589203,0.30717483162879944,0.4948582053184509,14.845746040344238,0.06256103515625,0.06255678087472916,1440.0,1.9296875,0.0013399124145507812,True,True,False,True
G5,8,799.0,5.087765216827393,0,0.2837105691432953,0.27936097979545593,0.51619553565979,15.48586654663086,0.094482421875,0.09447066485881805,1320.0,2.4453125,0.0018520355224609375,True,True,False,True
G5,8,799.0,5.087765216827393,1,0.28407958149909973,0.29003533720970154,0.5082958936691284,15.248876571655273,0.099609375,0.09958407282829285,1320.0,2.578125,0.001953125,True,True,False,True
G5,8,799.0,5.087765216827393,2,0.2847246825695038,0.30110448598861694,0.5000368356704712,15.001105308532715,0.08563232421875,0.08562464267015457,1320.0,2.216796875,0.0016794204711914062,True,True,False,True
G5,8,799.0,5.087765216827393,3,0.2854541838169098,0.3073548376560211,0.4951665699481964,14.854996681213379,0.0760498046875,0.07603999227285385,1320.0,1.96875,0.001491546630859375,True,True,False,True
G5,8,799.0,5.087765216827393,4,0.2856520414352417,0.3132283687591553,0.4909741282463074,14.72922420501709,0.073974609375,0.07399959862232208,1320.0,1.9150390625,0.0014505386352539062,True,True,False,True
G5,9,780.0,4.670868873596191,0,0.2870274782180786,0.3194690942764282,0.4857260584831238,14.571782112121582,0.11773681640625,0.11773466318845749,1215.0,2.568359375,0.00211334228515625,True,True,False,True
G5,9,780.0,4.670868873596191,1,0.28694790601730347,0.3294227123260498,0.4790585935115814,14.371757507324219,0.08526611328125,0.08527114242315292,1214.0,1.8603515625,0.0015325546264648438,True,True,False,True
G5,9,780.0,4.670868873596191,2,0.2876199781894684,0.336459755897522,0.4738854765892029,14.216564178466797,0.087646484375,0.08765708655118942,1214.0,1.912109375,0.001575469970703125,True,True,False,True
G5,9,780.0,4.670868873596191,3,0.28842538595199585,0.34628063440322876,0.46684372425079346,14.005311965942383,0.1375732421875,0.13753445446491241,1215.0,3.0,0.0024700164794921875,True,True,False,True
G5,9,780.0,4.670868873596191,4,0.28987985849380493,0.362415075302124,0.4553925693035126,13.66177749633789,0.09429931640625,0.09429627656936646,1215.0,2.056640625,0.0016927719116210938,True,True,False,True
G20,5,856.0,6.668572902679443,0,0.2831710875034332,0.2380513697862625,0.5472047328948975,16.416141510009766,0.044219970703125,0.04422997310757637,1724.0,1.966796875,0.001140594482421875,True,True,False,True
G20,5,856.0,6.668572902679443,1,0.28349924087524414,0.24160726368427277,0.5442664623260498,16.327993392944336,0.04412841796875,0.04413492605090141,1724.0,1.962890625,0.0011386871337890625,True,True,False,True
G20,5,856.0,6.668572902679443,2,0.2838066518306732,0.24510562419891357,0.5413992404937744,16.24197769165039,0.043975830078125,0.04396573081612587,1724.0,1.955078125,0.0011339187622070312,True,True,False,True
G20,5,856.0,6.668572902679443,3,0.28406596183776855,0.2487039566040039,0.5385036468505859,16.155109405517578,0.045318603515625,0.045308567583560944,1724.0,2.015625,0.0011692047119140625,True,True,False,True
G20,5,856.0,6.668572902679443,4,0.28428059816360474,0.25263071060180664,0.535407543182373,16.062225341796875,0.046600341796875,0.04659575968980789,1724.0,2.072265625,0.001201629638671875,True,True,False,True
G20,5,856.0,6.668572902679443,5,0.28445741534233093,0.2568700313568115,0.5321216583251953,15.96364974975586,0.0474853515625,0.047498587518930435,1724.0,2.111328125,0.001224517822265625,True,True,False,True
G20,5,856.0,6.668572902679443,6,0.2846128046512604,0.26132142543792725,0.5287124514579773,15.861373901367188,0.048187255859375,0.04819402098655701,1724.0,2.142578125,0.0012426376342773438,True,True,False,True
G20,5,856.0,6.668572902679443,7,0.28470975160598755,0.26601332426071167,0.5251883268356323,15.75564956665039,0.050048828125,0.050045307725667953,1724.0,2.224609375,0.0012903213500976562,True,True,False,True
G20,5,856.0,6.668572902679443,8,0.2847929000854492,0.271236389875412,0.5213087797164917,15.639263153076172,0.053466796875,0.05346377566456795,1724.0,2.376953125,0.0013790130615234375,True,True,False,True
G20,5,856.0,6.668572902679443,9,0.28487685322761536,0.27731624245643616,0.5168365240097046,15.505095481872559,0.058258056640625,0.05826565623283386,1725.0,2.591796875,0.0015020370483398438,True,True,False,True
G20,5,856.0,6.668572902679443,10,0.2850635349750519,0.2845272421836853,0.5115177631378174,15.34553337097168,0.06280517578125,0.06279712170362473,1725.0,2.79296875,0.0016193389892578125,True,True,False,True
G20,5,856.0,6.668572902679443,11,0.2854261100292206,0.2924931049346924,0.5055909156799316,15.16772747039795,0.062469482421875,0.06248372048139572,1725.0,2.779296875,0.0016107559204101562,True,True,False,True
G20,5,856.0,6.668572902679443,12,0.28600916266441345,0.2999846041202545,0.49990221858024597,14.997066497802734,0.0611572265625,0.06116856262087822,1725.0,2.720703125,0.0015773773193359375,True,True,False,True
G20,5,856.0,6.668572902679443,13,0.2866932153701782,0.3077763617038727,0.49399009346961975,14.819703102111816,0.068359375,0.06835590302944183,1725.0,3.0390625,0.0017614364624023438,True,True,False,True
G20,5,856.0,6.668572902679443,14,0.2876747250556946,0.31751301884651184,0.4865978956222534,14.597936630249023,0.08074951171875,0.08072126656770706,1726.0,3.58984375,0.002079010009765625,True,True,False,True
G20,5,856.0,6.668572902679443,15,0.28911301493644714,0.3318544626235962,0.4758893549442291,14.276680946350098,0.09649658203125,0.0964668020606041,1726.0,4.2890625,0.0024852752685546875,True,True,False,True
G20,5,856.0,6.668572902679443,16,0.2902669608592987,0.34795454144477844,0.4644421339035034,13.933263778686523,0.06414794921875,0.06412617117166519,1726.0,2.8515625,0.001651763916015625,True,True,False,True
G20,5,856.0,6.668572902679443,17,0.29089227318763733,0.35615453124046326,0.45868536829948425,13.760560989379883,0.06304931640625,0.06305692344903946,1726.0,2.8046875,0.00162506103515625,True,True,False,True
G20,5,856.0,6.668572902679443,18,0.29162320494651794,0.3647187352180481,0.4526899456977844,13.580698013305664,0.07415771484375,0.07413610816001892,1726.0,3.296875,0.0019102096557617188,True,True,False,True
G20,5,856.0,6.668572902679443,19,0.29282450675964355,0.3744363784790039,0.44571352005004883,13.371405601501465,0.055999755859375,0.0560104101896286,1725.0,2.490234375,0.0014438629150390625,True,True,False,True
G20,6,837.0,6.078628063201904,0,0.28428220748901367,0.29744821786880493,0.5029155015945435,15.087465286254883,0.1441650390625,0.14414246380329132,1573.0,5.32421875,0.0033855438232421875,True,True,False,True
G20,6,837.0,6.078628063201904,1,0.28687113523483276,0.34381309151649475,0.46956706047058105,14.087011337280273,0.1434326171875,0.14346016943454742,1573.0,5.30078125,0.0033702850341796875,True,True,False,True
G20,6,837.0,6.078628063201904,2,0.28888019919395447,0.3543408513069153,0.4612835645675659,13.838506698608398,0.0699462890625,0.06997103989124298,1573.0,2.5859375,0.001644134521484375,True,True,False,True
G20,6,837.0,6.078628063201904,3,0.28936174511909485,0.3630148470401764,0.4553784728050232,13.661354064941406,0.066650390625,0.0666487067937851,1573.0,2.462890625,0.0015659332275390625,True,True,False,True
G20,6,837.0,6.078628063201904,4,0.2896804213523865,0.3711068630218506,0.45003026723861694,13.500907897949219,0.063720703125,0.06370008736848831,1573.0,2.353515625,0.0014963150024414062,True,True,False,True
G20,6,837.0,6.078628063201904,5,0.29001349210739136,0.37851467728614807,0.44516241550445557,13.354872703552246,0.059295654296875,0.05928416922688484,1573.0,2.19140625,0.0013933181762695312,True,True,False,True
G20,6,837.0,6.078628063201904,6,0.2904914617538452,0.38471660017967224,0.4409880042076111,13.229640007019043,0.055206298828125,0.05519922077655792,1574.0,2.0390625,0.0012950897216796875,True,True,False,True
G20,6,837.0,6.078628063201904,7,0.2909996211528778,0.39018774032592773,0.4372762441635132,13.118287086486816,0.052734375,0.052735887467861176,1574.0,1.9482421875,0.0012378692626953125,True,True,False,True
G20,6,837.0,6.078628063201904,8,0.29155173897743225,0.3951258659362793,0.4338858723640442,13.016575813293457,0.0516357421875,0.051629725843667984,1574.0,1.9072265625,0.0012121200561523438,True,True,False,True
G20,6,837.0,6.078628063201904,9,0.29209330677986145,0.399950236082077,0.4305958151817322,12.917874336242676,0.051666259765625,0.05167780816555023,1574.0,1.9091796875,0.00121307373046875,True,True,False,True
G20,6,837.0,6.078628063201904,10,0.29268965125083923,0.40489745140075684,0.4272174835205078,12.816524505615234,0.0533447265625,0.05333389714360237,1574.0,1.970703125,0.0012521743774414062,True,True,False,True
G20,6,837.0,6.078628063201904,11,0.293356716632843,0.4101266860961914,0.4236476421356201,12.709428787231445,0.053497314453125,0.05349927768111229,1574.0,1.9765625,0.0012559890747070312,True,True,False,True
G20,6,837.0,6.078628063201904,12,0.29401975870132446,0.4150867164134979,0.420265793800354,12.6079740524292,0.048980712890625,0.0489867702126503,1574.0,1.8095703125,0.0011501312255859375,True,True,False,True
G20,6,837.0,6.078628063201904,13,0.2945742905139923,0.4194798469543457,0.4173145592212677,12.519436836242676,0.04742431640625,0.04742870479822159,1574.0,1.7529296875,0.0011138916015625,True,True,False,True
G20,6,837.0,6.078628063201904,14,0.2951076328754425,0.4236065745353699,0.414551317691803,12.436539649963379,0.046539306640625,0.04652957618236542,1574.0,1.7197265625,0.0010929107666015625,True,True,False,True
G20,6,837.0,6.078628063201904,15,0.2955849766731262,0.42766931653022766,0.4118815064430237,12.3564453125,0.045867919921875,0.045881640166044235,1574.0,1.6953125,0.0010766983032226562,True,True,False,True
G20,6,837.0,6.078628063201904,16,0.29603978991508484,0.4316681921482086,0.4092805087566376,12.27841567993164,0.0452880859375,0.045297376811504364,1574.0,1.673828125,0.0010633468627929688,True,True,False,True
G20,6,837.0,6.078628063201904,17,0.29648077487945557,0.4355936050415039,0.40674692392349243,12.202407836914062,0.044677734375,0.044664882123470306,1574.0,1.650390625,0.0010480880737304688,True,True,False,True
G20,6,837.0,6.078628063201904,18,0.29693928360939026,0.43937546014785767,0.4042971432209015,12.128913879394531,0.0440673828125,0.04405365139245987,1574.0,1.6279296875,0.0010347366333007812,True,True,False,True
G20,6,837.0,6.078628063201904,19,0.2973412275314331,0.4431402087211609,0.40191107988357544,12.057332038879395,0.043609619140625,0.04359542205929756,1574.0,1.6103515625,0.0010232925415039062,True,True,False,True
G20,7,818.0,5.554561614990234,0,0.29951339960098267,0.41497769951820374,0.41646629571914673,12.493988990783691,0.09552001953125,0.0955304503440857,1441.0,2.947265625,0.002044677734375,True,True,False,True
G20,7,818.0,5.554561614990234,1,0.3003585934638977,0.43049344420433044,0.40691789984703064,12.207536697387695,0.09600830078125,0.09602640569210052,1440.0,2.962890625,0.0020580291748046875,True,True,False,True
G20,7,818.0,5.554561614990234,2,0.3009105324745178,0.4455917775630951,0.3980472683906555,11.941417694091797,0.08160400390625,0.0816207230091095,1440.0,2.517578125,0.0017480850219726562,True,True,False,True
G20,7,818.0,5.554561614990234,3,0.3010220229625702,0.4565737545490265,0.3919411301612854,11.758234024047852,0.06365966796875,0.06368386000394821,1440.0,1.96484375,0.0013647079467773438,True,True,False,True
G20,7,818.0,5.554561614990234,4,0.301159143447876,0.4635030925273895,0.388103723526001,11.643112182617188,0.055816650390625,0.05582437664270401,1440.0,1.72265625,0.0011959075927734375,True,True,False,True
G20,7,818.0,5.554561614990234,5,0.3016338348388672,0.46886205673217773,0.3849114179611206,11.547342300415039,0.05474853515625,0.05473512038588524,1440.0,1.6884765625,0.0011730194091796875,True,True,False,True
G20,7,818.0,5.554561614990234,6,0.3020530939102173,0.47416356205940247,0.38181692361831665,11.454507827758789,0.054473876953125,0.054472628980875015,1440.0,1.6806640625,0.00116729736328125,True,True,False,True
G20,7,818.0,5.554561614990234,7,0.30254849791526794,0.4793594777584076,0.37875252962112427,11.36257553100586,0.05450439453125,0.054513510316610336,1440.0,1.681640625,0.0011682510375976562,True,True,False,True
G20,7,818.0,5.554561614990234,8,0.30301937460899353,0.48467957973480225,0.3756685256958008,11.270055770874023,0.054595947265625,0.05458620935678482,1440.0,1.6845703125,0.0011701583862304688,True,True,False,True
G20,7,818.0,5.554561614990234,9,0.3034999668598175,0.49007102847099304,0.3725699186325073,11.17709732055664,0.05450439453125,0.0545145608484745,1440.0,1.681640625,0.0011682510375976562,True,True,False,True
G20,7,818.0,5.554561614990234,10,0.30397114157676697,0.49550843238830566,0.36948394775390625,11.084518432617188,0.05401611328125,0.05401473492383957,1440.0,1.6669921875,0.0011577606201171875,True,True,False,True
G20,7,818.0,5.554561614990234,11,0.3044315278530121,0.5008964538574219,0.3664599061012268,10.993797302246094,0.053466796875,0.05346028134226799,1440.0,1.6494140625,0.0011453628540039062,True,True,False,True
G20,7,818.0,5.554561614990234,12,0.30490511655807495,0.5062106847763062,0.3634923994541168,10.90477180480957,0.053070068359375,0.053078021854162216,1440.0,1.6376953125,0.0011377334594726562,True,True,False,True
G20,7,818.0,5.554561614990234,13,0.3053765296936035,0.5114126801490784,0.36060968041419983,10.818290710449219,0.05267333984375,0.052678100764751434,1440.0,1.625,0.0011281967163085938,True,True,False,True
G20,7,818.0,5.554561614990234,14,0.3058549761772156,0.5166492462158203,0.3577326238155365,10.731978416442871,0.0521240234375,0.052118994295597076,1440.0,1.6083984375,0.0011167526245117188,True,True,False,True
G20,7,818.0,5.554561614990234,15,0.3063566982746124,0.521750807762146,0.35493168234825134,10.647950172424316,0.0513916015625,0.05138679966330528,1440.0,1.5849609375,0.0011005401611328125,True,True,False,True
G20,7,818.0,5.554561614990234,16,0.3068854808807373,0.5267598628997803,0.35218197107315063,10.565459251403809,0.05084228515625,0.050852999091148376,1440.0,1.5693359375,0.0010900497436523438,True,True,False,True
G20,7,818.0,5.554561614990234,17,0.30741122364997864,0.5316824316978455,0.34950029850006104,10.48500919342041,0.05084228515625,0.050856102257966995,1440.0,1.5693359375,0.0010900497436523438,True,True,False,True
G20,7,818.0,5.554561614990234,18,0.3079834580421448,0.5366737246513367,0.34677907824516296,10.403372764587402,0.05120849609375,0.05121079087257385,1440.0,1.580078125,0.0010976791381835938,True,True,False,True
G20,7,818.0,5.554561614990234,19,0.308485746383667,0.5418460369110107,0.34404850006103516,10.321455001831055,0.051116943359375,0.05112849548459053,1440.0,1.5771484375,0.001094818115234375,True,True,False,True
G20,8,799.0,5.087765216827393,0,0.3036802411079407,0.4645783007144928,0.3857688307762146,11.573064804077148,0.10003662109375,0.10004039853811264,1319.0,2.58984375,0.0019626617431640625,True,True,False,True
G20,8,799.0,5.087765216827393,1,0.30564412474632263,0.4782891869544983,0.3771561086177826,11.314682960510254,0.11199951171875,0.11197403073310852,1319.0,2.8984375,0.002197265625,True,True,False,True
G20,8,799.0,5.087765216827393,2,0.307344913482666,0.5024860501289368,0.36364561319351196,10.909368515014648,0.1226806640625,0.1227034404873848,1320.0,3.17578125,0.0024051666259765625,True,True,False,True
G20,8,799.0,5.087765216827393,3,0.30808255076408386,0.5093867182731628,0.35972556471824646,10.791767120361328,0.10662841796875,0.10660168528556824,1320.0,2.759765625,0.0020904541015625,True,True,False,True
G20,8,799.0,5.087765216827393,4,0.30765455961227417,0.5205676555633545,0.3545987904071808,10.63796329498291,0.0843505859375,0.08433910459280014,1320.0,2.18359375,0.0016546249389648438,True,True,False,True
G20,8,799.0,5.087765216827393,5,0.3088518977165222,0.5269942283630371,0.35071006417274475,10.521302223205566,0.07708740234375,0.07706920057535172,1320.0,1.9951171875,0.0015115737915039062,True,True,False,True
G20,8,799.0,5.087765216827393,6,0.3090858459472656,0.5352742671966553,0.3466661870479584,10.399985313415527,0.05780029296875,0.057806555181741714,1320.0,1.49609375,0.001132965087890625,True,True,False,True
G20,8,799.0,5.087765216827393,7,0.30965709686279297,0.5398953557014465,0.3441348075866699,10.324044227600098,0.05145263671875,0.05146126449108124,1320.0,1.33203125,0.0010089874267578125,True,True,False,True
G20,8,799.0,5.087765216827393,8,0.31006935238838196,0.544236958026886,0.34186214208602905,10.255864143371582,0.04852294921875,0.04853474348783493,1320.0,1.255859375,0.0009512901306152344,True,True,False,True
G20,8,799.0,5.087765216827393,9,0.3104172646999359,0.5480908155441284,0.3398731052875519,10.196192741394043,0.046966552734375,0.04698014259338379,1320.0,1.2158203125,0.0009212493896484375,True,True,False,True
G20,8,799.0,5.087765216827393,10,0.3108816146850586,0.5515866279602051,0.33797934651374817,10.13938045501709,0.046142578125,0.04613050818443298,1320.0,1.1943359375,0.0009050369262695312,True,True,False,True
G20,8,799.0,5.087765216827393,11,0.31127694249153137,0.5551384687423706,0.3361206352710724,10.083619117736816,0.045440673828125,0.0454411618411541,1320.0,1.17578125,0.0008907318115234375,True,True,False,True
G20,8,799.0,5.087765216827393,12,0.3117644190788269,0.5583868026733398,0.3343452215194702,10.030356407165527,0.044891357421875,0.044896770268678665,1320.0,1.162109375,0.0008802413940429688,True,True,False,True
G20,8,799.0,5.087765216827393,13,0.31222429871559143,0.5616164803504944,0.33260777592658997,9.978233337402344,0.044189453125,0.044202905148267746,1320.0,1.14453125,0.0008668899536132812,True,True,False,True
G20,8,799.0,5.087765216827393,14,0.31275662779808044,0.5646544098854065,0.33091461658477783,9.927438735961914,0.043182373046875,0.043175969272851944,1320.0,1.1171875,0.0008463859558105469,True,True,False,True
G20,8,799.0,5.087765216827393,15,0.3132564127445221,0.5675536394119263,0.32931333780288696,9.879400253295898,0.041900634765625,0.041901733726263046,1321.0,1.0849609375,0.0008211135864257812,True,True,False,True
G20,8,799.0,5.087765216827393,16,0.3137578070163727,0.570334792137146,0.32777029275894165,9.833108901977539,0.04071044921875,0.04072405770421028,1321.0,1.0537109375,0.0007977485656738281,True,True,False,True
G20,8,799.0,5.087765216827393,17,0.3142559826374054,0.5728751420974731,0.3263402581214905,9.790207862854004,0.039825439453125,0.03982652723789215,1321.0,1.03125,0.0007805824279785156,True,True,False,True
G20,8,799.0,5.087765216827393,18,0.31471672654151917,0.575365424156189,0.32496386766433716,9.748915672302246,0.03924560546875,0.03925252705812454,1321.0,1.015625,0.0007686614990234375,True,True,False,True
G20,8,799.0,5.087765216827393,19,0.31513118743896484,0.5779017210006714,0.32360613346099854,9.708184242248535,0.039154052734375,0.039158549159765244,1321.0,1.013671875,0.0007672309875488281,True,True,False,True
G20,9,780.0,4.670868873596191,0,0.3092603385448456,0.5596950650215149,0.3354948163032532,10.064844131469727,0.09210205078125,0.09209191054105759,1215.0,2.009765625,0.0016536712646484375,True,True,False,True
G20,9,780.0,4.670868873596191,1,0.3101959824562073,0.5714211463928223,0.32975471019744873,9.892641067504883,0.079833984375,0.07983505725860596,1214.0,1.7421875,0.0014352798461914062,True,True,False,True
G20,9,780.0,4.670868873596191,2,0.3107045292854309,0.5807862281799316,0.32543420791625977,9.763026237487793,0.06744384765625,0.06743808835744858,1214.0,1.4716796875,0.0012121200561523438,True,True,False,True
G20,9,780.0,4.670868873596191,3,0.3114055395126343,0.5870782136917114,0.32233336567878723,9.670001029968262,0.05908203125,0.0590788871049881,1214.0,1.2890625,0.0010614395141601562,True,True,False,True
G20,9,780.0,4.670868873596191,4,0.31211602687835693,0.5919413566589355,0.31984812021255493,9.595443725585938,0.05462646484375,0.05462094023823738,1215.0,1.19140625,0.000980377197265625,True,True,False,True
G20,9,780.0,4.670868873596191,5,0.3127608597278595,0.5961757302284241,0.3176858425140381,9.530574798583984,0.051971435546875,0.051963772624731064,1215.0,1.1337890625,0.0009331703186035156,True,True,False,True
G20,9,780.0,4.670868873596191,6,0.3133417069911957,0.6000508666038513,0.31572943925857544,9.471882820129395,0.049591064453125,0.04959050565958023,1215.0,1.08203125,0.0008907318115234375,True,True,False,True
G20,9,780.0,4.670868873596191,7,0.31381216645240784,0.6037104725837708,0.3139495849609375,9.418487548828125,0.048126220703125,0.04814021661877632,1215.0,1.0498046875,0.0008640289306640625,True,True,False,True
G20,9,780.0,4.670868873596191,8,0.31423118710517883,0.6073002815246582,0.3122459948062897,9.367380142211914,0.047637939453125,0.047635748982429504,1215.0,1.0390625,0.0008549690246582031,True,True,False,True
G20,9,780.0,4.670868873596191,9,0.31463682651519775,0.6108580231666565,0.3105770945549011,9.317313194274902,0.0478515625,0.0478520393371582,1215.0,1.0439453125,0.0008592605590820312,True,True,False,True
G20,9,780.0,4.670868873596191,10,0.3150196671485901,0.6146446466445923,0.30884838104248047,9.265451431274414,0.048736572265625,0.04872748255729675,1215.0,1.0634765625,0.0008754730224609375,True,True,False,True
G20,9,780.0,4.670868873596191,11,0.315328449010849,0.6187451481819153,0.3070651888847351,9.211956024169922,0.04998779296875,0.05000126361846924,1215.0,1.0908203125,0.0008978843688964844,True,True,False,True
G20,9,780.0,4.670868873596191,12,0.31566834449768066,0.6230775117874146,0.30519020557403564,9.155706405639648,0.052276611328125,0.05228984355926514,1215.0,1.140625,0.0009388923645019531,True,True,False,True
G20,9,780.0,4.670868873596191,13,0.31587302684783936,0.6283112168312073,0.3030911386013031,9.092734336853027,0.0572509765625,0.057264287024736404,1215.0,1.2490234375,0.0010280609130859375,True,True,False,True
G20,9,780.0,4.670868873596191,14,0.3161919414997101,0.6341993808746338,0.3007017970085144,9.0210542678833,0.06475830078125,0.06478063017129898,1215.0,1.4130859375,0.001163482666015625,True,True,False,True
G20,9,780.0,4.670868873596191,15,0.3159017264842987,0.6411293148994446,0.2983892858028412,8.951678276062012,0.09185791015625,0.091872438788414,1215.0,2.00390625,0.0016489028930664062,True,True,False,True
G20,9,780.0,4.670868873596191,16,0.31719791889190674,0.6379727721214294,0.2986412048339844,8.959236145019531,0.162109375,0.16212327778339386,1215.0,3.537109375,0.002910614013671875,True,True,False,True
G20,9,780.0,4.670868873596191,17,0.3149334788322449,0.6383513808250427,0.3000529408454895,9.001587867736816,0.2000732421875,0.20007829368114471,1216.0,4.36328125,0.0035877227783203125,True,True,False,True
G20,9,780.0,4.670868873596191,18,0.3192600607872009,0.6293304562568665,0.30040138959884644,9.012042045593262,0.135009765625,0.13501037657260895,1216.0,2.9453125,0.002422332763671875,True,True,False,True
G20,9,780.0,4.670868873596191,19,0.3173099458217621,0.6610414981842041,0.29047927260398865,8.714378356933594,0.059295654296875,0.059286341071128845,1216.0,1.29296875,0.0010633468627929688,True,True,False,True
