branch,denoising_index,timestep,sigma,energy_first,energy_last_pre_update,energy_final,mid_ratio_first,mid_ratio_last,up_ratio_first,up_ratio_last,executed_inner_iterations
G5,5,856.0,6.668572902679443,0.5472047328948975,0.535407543182373,0.5321216583251953,0.2831710875034332,0.28445741534233093,0.2380513697862625,0.2568700313568115,5
G5,6,837.0,6.078628063201904,0.5434949994087219,0.5257047414779663,0.5206788182258606,0.2822709381580353,0.2832907736301422,0.24378909170627594,0.2735803723335266,5
G5,7,818.0,5.554561614990234,0.5168541669845581,0.4948582053184509,0.4907916188240051,0.2840677797794342,0.2865395247936249,0.27809327840805054,0.31257185339927673,5
G5,8,799.0,5.087765216827393,0.51619553565979,0.4909741282463074,0.48694726824760437,0.2837105691432953,0.2862480580806732,0.27936097979545593,0.3184923231601715,5
G5,9,780.0,4.670868873596191,0.4857260584831238,0.4553925693035126,0.44946199655532837,0.2870274782180786,0.2906992733478546,0.3194690942764282,0.37086060643196106,5
G20,5,856.0,6.668572902679443,0.5472047328948975,0.44571352005004883,0.4415951669216156,0.2831710875034332,0.2937440872192383,0.2380513697862625,0.38000574707984924,20
G20,6,837.0,6.078628063201904,0.5029155015945435,0.40191107988357544,0.3995719254016876,0.28428220748901367,0.29781439900398254,0.29744821786880493,0.4467557966709137,20
G20,7,818.0,5.554561614990234,0.41646629571914673,0.34404850006103516,0.3413519263267517,0.29951339960098267,0.3090307414531708,0.41497769951820374,0.5469378232955933,20
G20,8,799.0,5.087765216827393,0.3857688307762146,0.32360613346099854,0.3222639262676239,0.3036802411079407,0.31553447246551514,0.4645783007144928,0.5804349780082703,20
G20,9,780.0,4.670868873596191,0.3354948163032532,0.29047927260398865,0.28861919045448303,0.3092603385448456,0.31674113869667053,0.5596950650215149,0.667741596698761,20
